Symbol,Price,Type,Strike,"Exp Date",DTE,Bid,Midpoint,Ask,Last,Volume,"Open Int",Vol/OI,IV,Time
ET,5.96,Call,6.00,05/08/20,25,0.51,0.53,0.55,0.53,42116,382,110.25,87.84%,04/13/20
CRM,152.5,Call,135.00,08/21/20,130,25.50,26.2,26.90,26.00,12054,114,105.74,44.78%,04/13/20
GD,136.95,Call,155.00,05/15/20,32,1.20,1.28,1.35,1.30,10458,105,99.6,39.58%,04/13/20
TSLA,650.95,Put,580.00,04/17/20,4,3.90,3.95,4.00,4.00,18135,294,61.68,97.25%,04/13/20
SWCH,15.64,Call,18.00,05/15/20,32,0.35,0.43,0.50,0.40,5273,105,50.22,62.23%,04/13/20
X,6.8,Put,7.00,06/19/20,67,1.02,1.04,1.06,1.05,4018,102,39.39,81.60%,04/13/20
TSLA,650.95,Put,590.00,04/17/20,4,5.30,5.4,5.50,5.34,6835,220,31.07,95.70%,04/13/20
GOOS,21.26,Call,22.50,05/15/20,32,1.40,1.42,1.45,1.45,5999,217,27.65,77.54%,04/13/20
AMZN,2168.87,Put,2160.00,04/17/20,4,31.05,31.78,32.50,32.21,4382,161,27.22,40.52%,04/13/20
EPD,16.73,Put,16.00,05/15/20,32,1.15,1.23,1.30,1.25,6070,232,26.16,82.88%,04/13/20
AMD,50.94,Put,51.00,04/17/20,4,1.36,1.39,1.42,1.38,4162,161,25.85,63.61%,04/13/20
SDC,4.12,Call,4.00,05/01/20,18,0.60,0.68,0.75,0.65,4637,182,25.48,164.05%,04/13/20
SLB,15.95,Call,20.00,08/21/20,130,1.35,1.41,1.46,1.37,10058,459,21.91,69.47%,04/13/20
AMZN,2168.87,Put,2200.00,04/17/20,4,53.65,55.85,58.05,55.17,2341,109,21.48,41.43%,04/13/20
UNP,146.9,Call,165.00,06/19/20,67,3.15,3.6,4.05,3.40,12013,582,20.64,36.92%,04/13/20
NWBI,11.16,Call,12.50,05/15/20,32,0.15,0.2,0.25,0.20,2063,103,20.03,47.49%,04/13/20
C,46.68,Call,48.50,04/17/20,4,1.28,1.34,1.39,1.36,6621,334,19.82,108.03%,04/13/20
FCAU,8.05,Call,7.00,06/19/20,67,1.55,1.63,1.70,1.60,2843,149,19.08,76.32%,04/13/20
TSLA,650.95,Put,595.00,04/17/20,4,6.20,6.33,6.45,6.30,3415,179,19.08,95.86%,04/13/20
AMZN,2168.87,Put,2100.00,04/17/20,4,10.60,11.3,12.00,11.49,7302,396,18.44,40.38%,04/13/20
AMZN,2168.87,Put,2090.00,04/17/20,4,8.35,9.33,10.30,9.64,2171,124,17.51,40.82%,04/13/20
WFC,31.43,Call,40.00,04/24/20,11,0.10,0.11,0.12,0.12,2931,171,17.14,86.11%,04/13/20
FEYE,10.7,Call,11.00,06/19/20,67,1.05,1.09,1.13,1.06,3330,198,16.82,64.52%,04/13/20
AMZN,2168.87,Put,2070.00,04/17/20,4,6.30,6.65,7.00,6.70,3173,190,16.7,41.70%,04/13/20
AXSM,60.04,Call,80.00,05/15/20,32,3.50,3.85,4.20,3.95,2218,134,16.55,137.20%,04/13/20
GGAL,6.83,Call,7.50,05/15/20,32,0.60,0.65,0.70,0.65,2357,145,16.26,112.18%,04/13/20
TSLA,650.95,Put,605.00,04/17/20,4,8.00,8.38,8.75,8.54,3195,200,15.98,95.92%,04/13/20
AMZN,2168.87,Put,2060.00,04/17/20,4,5.25,5.4,5.55,5.40,2986,189,15.8,41.80%,04/13/20
T,30.19,Put,26.00,04/24/20,11,0.12,0.14,0.15,0.13,5616,356,15.78,64.32%,04/13/20
TLRY,6.57,Put,4.00,06/19/20,67,0.49,0.66,0.83,0.63,4021,256,15.71,185.72%,04/13/20
WW,21.17,Call,30.00,07/17/20,95,0.90,1.35,1.80,1.04,3038,203,14.97,77.57%,04/13/20
TSLA,650.95,Call,635.00,04/17/20,4,32.60,34.3,36.00,35.00,4377,295,14.84,97.62%,04/13/20
TSLA,650.95,Put,635.00,04/17/20,4,18.60,18.95,19.30,19.00,2432,165,14.74,97.80%,04/13/20
TSLA,650.95,Put,585.00,04/17/20,4,4.55,4.65,4.75,4.70,4790,339,14.13,96.96%,04/13/20
TSLA,650.95,Call,670.00,04/17/20,4,19.35,19.98,20.60,20.15,4236,316,13.41,103.87%,04/13/20
STNE,23.01,Put,20.00,04/17/20,4,0.10,0.15,0.20,0.20,1820,137,13.28,124.40%,04/13/20
GILD,75.28,Call,120.00,08/21/20,130,0.83,0.87,0.90,0.84,3964,304,13.04,51.43%,04/13/20
AAPL,273.25,Call,277.50,04/17/20,4,2.70,2.74,2.78,2.78,11649,923,12.62,39.83%,04/13/20
TSLA,650.95,Call,700.00,04/17/20,4,11.75,11.88,12.00,11.90,39414,3137,12.56,107.47%,04/13/20
TSLA,650.95,Call,720.00,04/17/20,4,7.75,8.23,8.70,8.55,6280,508,12.36,111.33%,04/13/20
AMZN,2168.87,Call,2220.00,04/17/20,4,16.45,17.25,18.05,17.15,2754,224,12.29,40.55%,04/13/20
SLB,15.95,Put,15.00,08/21/20,130,2.35,2.61,2.87,2.47,10242,838,12.22,81.18%,04/13/20
GM,23.01,Put,8.00,01/15/21,277,0.50,0.6,0.70,0.59,2000,171,11.7,100.11%,04/13/20
PDD,41.42,Put,25.00,09/18/20,158,1.05,1.15,1.25,1.20,2817,241,11.69,74.82%,04/13/20
TSLA,650.95,Put,640.00,04/17/20,4,21.00,21.3,21.60,21.40,3398,292,11.64,98.58%,04/13/20
MOS,12.2,Call,17.00,09/18/20,158,0.45,0.8,1.16,0.69,2000,172,11.63,61.73%,04/13/20
CIM,7.52,Put,7.00,06/19/20,67,1.15,1.23,1.30,1.20,3612,319,11.32,118.56%,04/13/20
NFLX,396.72,Put,390.00,04/17/20,4,5.50,5.65,5.80,5.78,2514,223,11.27,53.31%,04/13/20
NFLX,396.72,Call,357.50,04/17/20,4,38.70,40.2,41.70,42.30,1227,110,11.15,97.00%,04/13/20
TJX,47.85,Call,55.00,05/15/20,32,0.70,0.8,0.90,0.68,1403,127,11.05,49.05%,04/13/20
TSLA,650.95,Put,610.00,04/17/20,4,9.70,9.9,10.10,9.70,4193,381,11.01,95.23%,04/13/20
AMZN,2168.87,Call,2300.00,04/24/20,11,22.00,22.5,23.00,23.00,1964,179,10.97,44.98%,04/13/20
XOM,42.76,Put,46.00,04/17/20,4,3.25,3.45,3.65,3.60,2460,229,10.74,77.89%,04/13/20
TSLA,650.95,Put,615.00,04/17/20,4,11.00,11.38,11.75,11.50,2170,205,10.59,96.86%,04/13/20
ROKU,96.56,Call,94.00,04/17/20,4,4.05,4.45,4.85,4.75,2562,242,10.59,83.08%,04/13/20
RCL,33.37,Put,40.00,05/01/20,18,8.60,9.23,9.85,8.97,1227,116,10.58,154.74%,04/13/20
SQ,59.42,Put,43.50,04/17/20,4,0.10,0.13,0.16,0.12,5645,537,10.51,164.27%,04/13/20
AMZN,2168.87,Call,2180.00,04/17/20,4,30.00,30.75,31.50,31.10,3647,361,10.1,39.92%,04/13/20
AAPL,273.25,Put,267.50,04/17/20,4,2.57,2.71,2.85,2.85,18268,1836,9.95,46.46%,04/13/20
AMZN,2168.87,Call,2270.00,04/17/20,4,7.75,8.15,8.55,8.40,1213,122,9.94,43.40%,04/13/20
JPM,98.19,Call,106.00,04/17/20,4,1.05,1.38,1.70,1.15,2142,216,9.92,90.56%,04/13/20
JPM,98.19,Put,98.00,04/17/20,4,3.35,3.5,3.65,3.50,1896,192,9.88,87.95%,04/13/20
JPM,98.19,Call,115.00,04/24/20,11,0.44,0.5,0.55,0.48,3842,390,9.85,66.34%,04/13/20
CMG,744.08,Put,650.00,04/17/20,4,1.50,1.95,2.40,2.00,2325,240,9.69,87.87%,04/13/20
AMZN,2168.87,Put,2025.00,04/17/20,4,2.35,2.75,3.15,2.35,1620,169,9.59,42.09%,04/13/20
KRA,9.47,Call,12.50,07/17/20,95,0.65,0.95,1.25,0.85,1282,134,9.57,90.90%,04/13/20
TSLA,650.95,Put,620.00,04/17/20,4,12.75,13,13.25,13.00,5303,557,9.52,96.46%,04/13/20
BAC,23.92,Call,26.00,12/18/20,249,2.40,2.48,2.56,2.48,5662,607,9.33,40.74%,04/13/20
TSLA,650.95,Put,645.00,04/17/20,4,23.00,23.5,24.00,24.00,1575,170,9.26,99.52%,04/13/20
BA,147.33,Call,149.00,04/17/20,4,5.30,5.82,6.35,5.90,1385,150,9.23,108.21%,04/13/20
PANW,182.96,Call,190.00,06/19/20,67,9.05,10.15,11.25,10.25,1004,110,9.13,41.75%,04/13/20
TSLA,650.95,Call,675.00,04/17/20,4,15.80,17.1,18.40,18.11,3581,393,9.11,102.99%,04/13/20
SQ,59.42,Put,56.50,04/17/20,4,0.99,1.17,1.35,1.23,1532,172,8.91,99.94%,04/13/20
TSLA,650.95,Call,650.00,04/17/20,4,26.40,27.33,28.25,26.64,29415,3340,8.81,96.17%,04/13/20
AMZN,2168.87,Call,2400.00,04/24/20,11,9.05,10.33,11.60,9.95,1267,144,8.8,47.35%,04/13/20
AMZN,2168.87,Put,2120.00,04/17/20,4,15.65,16.53,17.40,17.00,2525,287,8.8,40.69%,04/13/20
AUY,4.16,Call,5.00,05/15/20,32,0.16,0.18,0.19,0.18,974,111,8.77,90.73%,04/13/20
AMZN,2168.87,Put,2140.00,04/17/20,4,22.40,23.2,24.00,23.66,2456,283,8.68,40.47%,04/13/20
TSLA,650.95,Put,600.00,04/17/20,4,7.25,7.35,7.45,7.36,21031,2438,8.63,95.90%,04/13/20
AMZN,2168.87,Call,2250.00,04/17/20,4,10.50,10.95,11.40,10.88,5294,618,8.57,41.77%,04/13/20
AMZN,2168.87,Call,2000.00,07/17/20,95,252.30,256.05,259.80,255.00,2352,279,8.43,35.70%,04/13/20
BA,147.33,Put,148.00,04/17/20,4,7.10,7.15,7.20,7.15,3052,364,8.38,110.68%,04/13/20
AMZN,2168.87,Call,2160.00,04/17/20,4,38.80,40.15,41.50,40.10,3946,473,8.34,39.07%,04/13/20
TSLA,650.95,Put,570.00,04/17/20,4,2.80,2.9,2.99,2.90,9152,1098,8.34,98.30%,04/13/20
TSLA,650.95,Call,645.00,04/17/20,4,29.50,31.25,33.00,28.12,3841,461,8.33,92.35%,04/13/20
BYND,76.67,Call,77.00,04/17/20,4,2.78,2.88,2.98,2.80,905,110,8.23,92.18%,04/13/20
ROKU,96.56,Put,93.00,04/17/20,4,1.33,1.66,1.98,1.87,845,103,8.2,84.90%,04/13/20
IVR,4.18,Call,5.00,07/17/20,95,1.05,1.2,1.35,1.05,3206,392,8.18,156.18%,04/13/20
TSLA,650.95,Call,640.00,04/17/20,4,29.70,32.2,34.70,32.60,8157,1003,8.13,99.15%,04/13/20
ROKU,96.56,Call,105.00,04/24/20,11,1.53,1.77,2.00,1.91,4888,605,8.08,72.21%,04/13/20
JPM,98.19,Call,98.50,04/17/20,4,3.40,3.68,3.95,3.60,1021,129,7.91,91.24%,04/13/20
IOVA,30.23,Call,35.00,05/15/20,32,3.00,3.25,3.50,3.10,3039,387,7.85,134.10%,04/13/20
GPS,8.33,Put,10.00,04/17/20,4,0.81,1.88,2.95,1.48,2500,322,7.76,0.00%,04/13/20
JPM,98.19,Call,99.00,04/17/20,4,3.20,3.38,3.55,3.55,2414,312,7.74,95.60%,04/13/20
TSLA,650.95,Call,595.00,04/17/20,4,58.10,62.08,66.05,62.10,3384,440,7.69,94.46%,04/13/20
NFLX,396.72,Call,410.00,04/17/20,4,3.55,3.68,3.80,3.90,10604,1379,7.69,53.49%,04/13/20
TLRY,6.57,Put,3.00,06/19/20,67,0.15,0.32,0.49,0.44,4000,524,7.63,219.49%,04/13/20
NFLX,396.72,Put,380.00,04/17/20,4,3.00,3.15,3.30,3.00,3824,504,7.59,55.58%,04/13/20
TSLA,650.95,Call,705.00,04/17/20,4,10.50,10.93,11.35,10.92,1677,222,7.55,108.29%,04/13/20
HTHT,28.47,Put,20.00,05/15/20,32,0.10,0.18,0.25,0.25,1055,140,7.54,88.25%,04/13/20
AMZN,2168.87,Put,2040.00,04/17/20,4,3.50,3.9,4.30,3.73,3105,412,7.54,42.93%,04/13/20
UAL,28.91,Put,10.00,12/18/20,249,1.25,1.42,1.58,1.45,776,103,7.53,132.07%,04/13/20
DFS,36.18,Call,37.50,04/17/20,4,1.15,1.25,1.35,1.20,838,112,7.48,115.82%,04/13/20
BABA,199.44,Call,197.50,05/01/20,18,6.55,7.2,7.85,7.30,784,106,7.4,35.32%,04/13/20
GOOGL,1210.41,Put,1130.00,04/17/20,4,1.85,2.18,2.50,2.20,895,121,7.4,47.50%,04/13/20
FB,174.79,Call,187.50,04/17/20,4,0.10,0.15,0.20,0.17,1531,207,7.4,41.13%,04/13/20
AMZN,2168.87,Call,2290.00,04/17/20,4,5.65,6.1,6.55,6.15,1307,177,7.38,44.24%,04/13/20
AMZN,2168.87,Call,2230.00,04/17/20,4,14.80,15.05,15.30,14.80,2065,283,7.3,40.99%,04/13/20
WFC,31.43,Call,40.00,06/19/20,67,0.55,0.59,0.62,0.55,27491,3766,7.3,51.38%,04/13/20
AMZN,2168.87,Call,2200.00,04/24/20,11,50.50,52.25,54.00,52.57,2346,323,7.26,44.03%,04/13/20
ET,5.96,Put,3.00,10/16/20,186,0.35,0.39,0.42,0.35,3733,514,7.26,113.04%,04/13/20
DAL,23.25,Call,24.00,04/24/20,11,1.40,1.51,1.62,1.57,993,138,7.2,117.42%,04/13/20
BA,147.33,Call,147.00,04/17/20,4,7.00,7.23,7.45,7.05,1099,153,7.18,111.89%,04/13/20
GOOG,1217.56,Put,1135.00,04/17/20,4,1.65,2.47,3.30,3.20,716,100,7.16,53.12%,04/13/20
NFLX,396.72,Put,377.50,04/17/20,4,2.20,2.52,2.83,2.67,1781,249,7.15,57.54%,04/13/20
D,79.53,Call,90.00,07/17/20,95,1.80,2,2.20,1.75,10036,1403,7.15,31.22%,04/13/20
TSLA,650.95,Call,740.00,04/17/20,4,5.85,6.18,6.50,6.00,2250,315,7.14,114.09%,04/13/20
CHWY,40.24,Put,38.00,04/17/20,4,0.55,0.65,0.75,0.73,1661,233,7.13,98.61%,04/13/20
TSLA,650.95,Call,690.00,04/17/20,4,12.95,13.85,14.75,14.17,3587,503,7.13,106.03%,04/13/20
PAA,6.33,Put,6.00,04/17/20,4,0.20,0.25,0.30,0.25,818,115,7.11,153.05%,04/13/20
AMZN,2168.87,Call,2210.00,04/17/20,4,19.00,19.9,20.80,20.05,2004,284,7.06,40.38%,04/13/20
ADNT,11.26,Call,30.00,01/15/21,277,0.40,0.65,0.90,0.60,2505,355,7.06,85.93%,04/13/20
TSLA,650.95,Call,615.00,04/17/20,4,43.55,47.58,51.60,47.28,3058,433,7.06,95.68%,04/13/20
OI,6.8,Call,12.00,10/16/20,186,0.35,0.4,0.45,0.40,1763,250,7.05,77.88%,04/13/20
AAPL,273.25,Put,267.50,04/24/20,11,5.20,5.4,5.60,5.55,2203,313,7.04,43.53%,04/13/20
AG,7.67,Call,8.50,04/17/20,4,0.10,0.13,0.15,0.15,924,132,7,132.76%,04/13/20
HON,137.94,Call,165.00,06/19/20,67,1.57,1.92,2.27,1.80,10065,1440,6.99,38.48%,04/13/20
TSLA,650.95,Call,685.00,04/17/20,4,15.00,15.83,16.65,15.35,2272,326,6.97,104.90%,04/13/20
SM,2.23,Call,2.50,04/17/20,4,0.20,0.23,0.25,0.25,8162,1184,6.89,376.71%,04/13/20
KR,31.33,Put,27.00,05/15/20,32,0.18,0.4,0.61,0.41,1019,149,6.84,52.88%,04/13/20
NFLX,396.72,Call,415.00,04/24/20,11,13.20,14.23,15.25,14.57,700,103,6.8,80.04%,04/13/20
DUK,87.36,Call,100.00,06/19/20,67,0.80,0.95,1.10,1.10,10252,1512,6.78,31.67%,04/13/20
HLT,66.64,Put,45.00,05/15/20,32,0.90,1,1.10,1.00,846,125,6.77,110.89%,04/13/20
NFLX,396.72,Call,420.00,04/17/20,4,1.95,2.04,2.12,2.12,7696,1138,6.76,56.10%,04/13/20
VIAC,16.06,Put,17.00,04/17/20,4,1.22,1.34,1.46,1.24,2132,319,6.68,97.05%,04/13/20
AMZN,2168.87,Call,2240.00,04/17/20,4,12.05,12.5,12.95,12.84,2537,380,6.68,41.57%,04/13/20
TSLA,650.95,Call,660.00,04/17/20,4,23.30,23.65,24.00,24.00,4310,648,6.65,103.26%,04/13/20
AMZN,2168.87,Call,2250.00,04/24/20,11,31.85,33.43,35.00,34.00,736,111,6.63,43.52%,04/13/20
CLDR,7.99,Call,8.50,04/17/20,4,0.05,0.1,0.15,0.10,1618,244,6.63,82.83%,04/13/20
ATVI,62.75,Put,60.00,04/24/20,11,0.92,1.36,1.80,0.97,722,109,6.62,48.69%,04/13/20
TSLA,650.95,Call,695.00,04/17/20,4,12.80,13.55,14.30,13.15,1567,238,6.58,107.44%,04/13/20
AMZN,2168.87,Call,2130.00,04/17/20,4,55.70,57.6,59.50,59.16,3565,546,6.53,40.38%,04/13/20
TSLA,650.95,Call,585.00,04/17/20,4,66.65,70.38,74.10,71.00,3380,521,6.49,98.71%,04/13/20
AMD,50.94,Put,49.00,04/17/20,4,0.64,0.65,0.66,0.64,21073,3280,6.42,67.31%,04/13/20
ROKU,96.56,Call,97.00,04/17/20,4,3.05,3.1,3.15,3.07,2455,383,6.41,81.14%,04/13/20
GILD,75.28,Put,70.00,04/24/20,11,0.76,0.85,0.93,0.82,2053,322,6.38,53.29%,04/13/20
GOLD,24.37,Call,26.00,04/17/20,4,0.13,0.19,0.24,0.23,1508,237,6.36,75.25%,04/13/20
PSTI,7.91,Put,8.00,04/17/20,4,0.95,1.05,1.15,1.08,678,107,6.34,312.96%,04/13/20
TLRY,6.57,Call,6.50,04/24/20,11,0.69,1.35,2.00,0.71,949,150,6.33,149.15%,04/13/20
NFLX,396.72,Call,392.50,04/17/20,4,10.10,10.73,11.35,10.80,1833,291,6.3,51.52%,04/13/20
WFC,31.43,Put,27.00,05/01/20,18,0.60,0.7,0.79,0.60,635,101,6.29,82.32%,04/13/20
ADI,99.67,Call,110.00,05/15/20,32,1.75,1.98,2.20,1.96,6248,995,6.28,45.77%,04/13/20
PDD,41.42,Call,42.00,04/17/20,4,0.55,0.65,0.75,0.65,6298,1006,6.26,52.14%,04/13/20
JPM,98.19,Put,98.50,04/17/20,4,3.60,3.75,3.90,3.60,1113,179,6.22,84.04%,04/13/20
TGT,104.68,Call,120.00,06/19/20,67,1.73,1.82,1.90,1.79,24016,3866,6.21,35.68%,04/13/20
ADBE,320.65,Put,275.00,05/15/20,32,3.00,3.63,4.25,4.25,677,110,6.15,54.27%,04/13/20
JNJ,139.77,Call,142.00,04/17/20,4,2.05,2.47,2.88,2.27,799,130,6.15,55.35%,04/13/20
ROKU,96.56,Call,105.00,04/17/20,4,0.81,0.84,0.86,0.83,20469,3327,6.15,84.81%,04/13/20
AMZN,2168.87,Put,2170.00,04/17/20,4,36.00,37.53,39.05,37.37,804,131,6.14,40.81%,04/13/20
ROKU,96.56,Call,110.00,04/24/20,11,0.98,0.99,0.99,0.97,1135,186,6.1,71.42%,04/13/20
HTZ,5.76,Call,7.00,05/15/20,32,0.60,0.65,0.70,0.65,1697,278,6.1,156.36%,04/13/20
PTON,31.99,Call,40.00,04/24/20,11,0.12,0.13,0.14,0.14,963,159,6.06,83.66%,04/13/20
AMZN,2168.87,Call,2260.00,04/17/20,4,8.70,9.3,9.90,9.30,1496,247,6.06,42.16%,04/13/20
TSLA,650.95,Call,750.00,04/17/20,4,5.10,5.25,5.40,5.40,8008,1331,6.02,117.98%,04/13/20
SQ,59.42,Put,40.00,06/18/21,431,5.15,5.35,5.55,5.75,2000,335,5.97,65.16%,04/13/20
TSLA,650.95,Call,800.00,04/17/20,4,2.31,2.36,2.40,2.31,14446,2438,5.93,124.81%,04/13/20
TSLA,650.95,Call,700.00,04/24/20,11,25.50,27,28.50,28.50,2423,409,5.92,105.11%,04/13/20
TSLA,650.95,Call,605.00,04/17/20,4,50.50,54.48,58.45,53.66,3902,660,5.91,91.26%,04/13/20
CAKE,18.88,Put,12.50,07/17/20,95,1.35,1.43,1.50,1.45,1881,319,5.9,124.09%,04/13/20
AMD,50.94,Call,51.00,04/24/20,11,2.13,2.17,2.20,2.18,8817,1495,5.9,62.35%,04/13/20
TDOC,154.13,Put,135.00,05/15/20,32,7.00,8,9.00,7.58,812,138,5.88,90.25%,04/13/20
RAD,14.16,Call,13.00,05/15/20,32,2.91,3.01,3.10,2.98,1185,202,5.87,147.55%,04/13/20
MRO,4.39,Call,4.50,05/08/20,25,0.41,0.51,0.60,0.53,810,139,5.83,125.89%,04/13/20
BCOR,12.71,Call,15.00,10/16/20,186,1.60,1.7,1.80,1.80,863,148,5.83,71.00%,04/13/20
ADBE,320.65,Put,315.00,05/15/20,32,12.70,13.18,13.65,14.08,1414,243,5.82,45.15%,04/13/20
ZM,135.92,Call,160.00,05/01/20,18,2.20,3.1,4.00,3.50,1473,253,5.82,90.50%,04/13/20
DAL,23.25,Put,16.00,06/19/20,67,1.31,1.44,1.57,1.33,843,146,5.77,120.61%,04/13/20
TECK,8.3,Call,7.00,05/15/20,32,1.25,1.58,1.90,1.75,1021,179,5.7,106.64%,04/13/20
JPM,98.19,Call,107.00,04/17/20,4,0.75,0.9,1.05,0.96,3142,552,5.69,90.32%,04/13/20
SNAP,13.54,Put,13.50,04/24/20,11,1.02,1.03,1.04,1.04,773,136,5.68,113.70%,04/13/20
NEWT,15.88,Call,20.00,09/18/20,158,1.50,1.8,2.10,1.75,1137,201,5.66,73.02%,04/13/20
WFC,31.43,Call,36.00,04/24/20,11,0.43,0.46,0.50,0.44,1481,262,5.65,82.20%,04/13/20
TSLA,650.95,Call,680.00,04/17/20,4,16.50,16.8,17.10,16.81,5095,906,5.62,104.48%,04/13/20
JPM,98.19,Call,98.00,04/17/20,4,3.70,4.05,4.40,3.90,2435,434,5.61,92.72%,04/13/20
NFLX,396.72,Put,375.00,04/17/20,4,2.25,2.35,2.45,2.27,3589,641,5.6,58.43%,04/13/20
WFC,31.43,Call,34.00,04/24/20,11,0.75,0.83,0.91,0.88,1639,294,5.57,83.52%,04/13/20
AMD,50.94,Call,51.00,04/17/20,4,1.31,1.33,1.34,1.34,36857,6619,5.57,64.19%,04/13/20
AMZN,2168.87,Put,2000.00,04/17/20,4,1.88,1.93,1.98,1.95,5001,901,5.55,46.26%,04/13/20
AMZN,2168.87,Call,2150.00,04/17/20,4,44.50,45.75,47.00,46.00,14938,2690,5.55,39.46%,04/13/20
TSLA,650.95,Call,620.00,04/17/20,4,39.75,42.38,45.00,44.00,8138,1475,5.52,96.27%,04/13/20
AMD,50.94,Call,53.00,04/17/20,4,0.53,0.55,0.58,0.54,7334,1335,5.49,60.84%,04/13/20
BP,24.91,Call,30.00,10/16/20,186,1.10,1.3,1.49,1.16,1244,227,5.48,38.57%,04/13/20
NFLX,396.72,Call,560.00,11/20/20,221,7.95,8.35,8.75,8.50,1413,258,5.48,37.63%,04/13/20
TSLA,650.95,Call,715.00,04/17/20,4,9.00,9.28,9.55,9.40,1271,233,5.45,110.94%,04/13/20
TSLA,650.95,Call,625.00,04/17/20,4,38.50,41.55,44.60,41.11,5697,1045,5.45,97.80%,04/13/20
AMZN,2168.87,Call,2140.00,04/17/20,4,49.70,51.45,53.20,50.40,3987,736,5.42,37.59%,04/13/20
TSLA,650.95,Call,665.00,04/17/20,4,19.25,21.4,23.55,21.90,1630,302,5.4,103.16%,04/13/20
JPM,98.19,Put,79.00,04/17/20,4,0.07,0.11,0.14,0.11,1035,193,5.36,109.18%,04/13/20
NNN,33.13,Put,30.00,04/17/20,4,0.65,0.83,1.00,0.95,593,111,5.34,164.66%,04/13/20
BAC,23.92,Put,24.00,04/24/20,11,1.25,1.34,1.42,1.36,1263,237,5.33,79.91%,04/13/20
CVNA,75.28,Put,55.00,05/15/20,32,4.00,4.55,5.10,4.50,1031,194,5.31,159.25%,04/13/20
APHA,3.47,Call,4.00,04/24/20,11,0.20,0.23,0.25,0.25,2126,404,5.26,181.80%,04/13/20
JNJ,139.77,Put,137.00,04/17/20,4,2.01,2.46,2.90,2.14,1864,356,5.24,58.02%,04/13/20
AMZN,2168.87,Call,2170.00,04/17/20,4,34.40,35.2,36.00,35.24,3992,762,5.24,39.34%,04/13/20
BCRX,2.35,Call,2.00,05/15/20,32,0.58,0.76,0.94,0.72,677,130,5.21,208.18%,04/13/20
SQ,59.42,Call,58.00,04/17/20,4,3.10,3.18,3.25,3.10,1693,326,5.19,94.50%,04/13/20
AMZN,2168.87,Put,2130.00,04/17/20,4,18.40,19.63,20.85,19.60,2014,389,5.18,39.93%,04/13/20
HTGC,9.15,Call,10.00,05/15/20,32,0.25,0.48,0.70,0.69,527,102,5.17,93.83%,04/13/20
NFLX,396.72,Put,372.50,04/17/20,4,1.71,1.88,2.05,2.00,1303,252,5.17,60.10%,04/13/20
BYND,76.67,Put,72.00,04/17/20,4,1.21,1.46,1.72,1.50,645,125,5.16,107.37%,04/13/20
JNJ,139.77,Call,150.00,04/24/20,11,0.60,0.89,1.18,0.85,655,127,5.16,40.50%,04/13/20
AUY,4.16,Put,3.50,05/15/20,32,0.16,0.18,0.19,0.18,923,179,5.16,96.46%,04/13/20
TSLA,650.95,Call,655.00,04/17/20,4,25.20,26.65,28.10,25.60,2768,536,5.16,101.01%,04/13/20
YUMC,45.75,Call,45.00,07/17/20,95,4.40,4.5,4.60,4.60,1872,365,5.13,44.88%,04/13/20
AMZN,2168.87,Call,2120.00,04/17/20,4,61.80,64.9,68.00,65.40,3898,762,5.12,39.66%,04/13/20
FB,174.79,Call,350.00,01/21/22,648,1.55,1.6,1.64,1.63,13018,2557,5.09,29.21%,04/13/20
NTAP,41.63,Call,41.00,04/24/20,11,1.66,2.2,2.73,2.07,600,118,5.08,60.40%,04/13/20
RCL,33.37,Put,32.00,04/17/20,4,2.09,2.25,2.40,2.15,2355,464,5.08,204.35%,04/13/20
AMZN,2168.87,Put,2020.00,04/17/20,4,2.13,2.53,2.92,2.46,2356,465,5.07,43.71%,04/13/20
AMZN,2168.87,Put,2015.00,04/17/20,4,2.01,2.37,2.73,2.40,1026,203,5.05,44.68%,04/13/20
ROKU,96.56,Call,98.00,04/17/20,4,2.56,2.63,2.70,2.59,1576,312,5.05,80.10%,04/13/20
AMD,50.94,Put,50.00,04/24/20,11,1.78,1.87,1.95,1.84,2923,588,4.97,65.52%,04/13/20
AAPL,273.25,Call,272.50,04/17/20,4,5.10,5.2,5.30,5.14,12700,2556,4.97,41.54%,04/13/20
WFC,31.43,Put,29.00,05/01/20,18,1.06,1.13,1.20,1.18,690,139,4.96,82.01%,04/13/20
TSLA,650.95,Put,630.00,04/17/20,4,16.50,16.83,17.15,16.85,5156,1041,4.95,97.37%,04/13/20
MO,40.44,Put,47.50,01/21/22,648,11.75,13.38,15.00,11.80,543,110,4.94,37.41%,04/13/20
CRM,152.5,Call,157.50,04/17/20,4,0.75,1.32,1.89,1.18,662,134,4.94,47.01%,04/13/20
AMZN,2168.87,Put,2150.00,04/17/20,4,27.00,27.6,28.20,27.50,2208,448,4.93,40.25%,04/13/20
VKTX,5.64,Call,6.00,04/17/20,4,0.25,0.3,0.35,0.30,2670,542,4.93,188.52%,04/13/20
BAC,23.92,Put,23.00,05/01/20,18,1.06,1.1,1.14,1.10,1142,232,4.92,73.36%,04/13/20
NFLX,396.72,Call,405.00,04/17/20,4,5.00,5.2,5.40,5.10,5984,1217,4.92,51.33%,04/13/20
NFLX,396.72,Put,400.00,04/17/20,4,8.80,9.85,10.90,10.17,1272,260,4.89,50.88%,04/13/20
TSLA,650.95,Call,735.00,04/17/20,4,6.20,6.58,6.95,6.65,1315,269,4.89,113.95%,04/13/20
KGC,6.25,Call,8.00,08/21/20,130,0.55,0.58,0.60,0.55,1599,327,4.89,72.99%,04/13/20
WFC,31.43,Put,28.00,04/24/20,11,0.60,0.65,0.70,0.66,1052,216,4.87,92.88%,04/13/20
CIEN,44.43,Put,43.00,04/17/20,4,0.31,0.46,0.61,0.45,1173,241,4.87,55.33%,04/13/20
AMC,2.08,Put,1.00,05/15/20,32,0.20,0.25,0.30,0.25,1792,368,4.87,396.73%,04/13/20
TPR,14.77,Put,15.00,04/17/20,4,0.60,0.8,1.00,0.72,1083,223,4.86,96.45%,04/13/20
CVX,84.91,Put,84.00,04/17/20,4,1.99,2.21,2.43,2.03,1691,348,4.86,69.88%,04/13/20
AMD,50.94,Put,52.00,04/17/20,4,1.89,1.92,1.95,1.91,1805,372,4.85,61.32%,04/13/20
M,6.16,Call,8.00,05/15/20,32,0.37,0.44,0.50,0.37,6476,1338,4.84,125.68%,04/13/20
TXN,107.67,Put,95.00,09/18/20,158,7.25,7.5,7.75,7.50,522,108,4.83,49.55%,04/13/20
Z,38.44,Put,31.00,04/24/20,11,0.40,0.55,0.70,0.55,1007,209,4.82,119.38%,04/13/20
AAPL,273.25,Put,257.50,04/24/20,11,2.69,2.97,3.25,2.89,1831,380,4.82,46.77%,04/13/20
C,46.68,Put,42.00,04/24/20,11,1.30,1.34,1.38,1.25,637,133,4.79,99.18%,04/13/20
AMZN,2168.87,Call,2190.00,04/17/20,4,26.00,27,28.00,27.00,3430,716,4.79,40.06%,04/13/20
CAT,114.14,Call,116.00,04/17/20,4,1.67,1.9,2.12,2.03,1051,220,4.78,59.47%,04/13/20
ZM,135.92,Call,131.00,04/17/20,4,8.70,9.1,9.50,9.10,957,201,4.76,113.58%,04/13/20
JPM,98.19,Put,93.00,04/17/20,4,1.30,1.49,1.68,1.53,2154,453,4.75,88.73%,04/13/20
CCL,11.5,Call,11.50,04/17/20,4,0.80,0.85,0.90,0.80,2173,459,4.73,166.61%,04/13/20
SABR,5.95,Call,5.00,04/17/20,4,1.10,1.13,1.15,1.10,4130,873,4.73,212.16%,04/13/20
DAL,23.25,Call,27.00,04/24/20,11,0.59,0.65,0.70,0.67,1287,274,4.7,115.95%,04/13/20
SQ,59.42,Put,52.50,01/15/21,277,8.15,8.28,8.40,8.56,2134,454,4.7,62.47%,04/13/20
AAPL,273.25,Put,260.00,04/24/20,11,3.30,3.4,3.50,3.40,4230,901,4.69,45.81%,04/13/20
TSLA,650.95,Put,535.00,04/17/20,4,1.00,1.03,1.05,1.05,1944,415,4.68,106.80%,04/13/20
PTON,31.99,Call,31.50,04/17/20,4,1.61,1.77,1.92,1.68,892,191,4.67,107.09%,04/13/20
HTZ,5.76,Put,4.00,05/15/20,32,0.40,0.45,0.50,0.45,1635,350,4.67,198.99%,04/13/20
TWTR,27.21,Put,26.50,04/17/20,4,0.44,0.49,0.54,0.52,6242,1336,4.67,73.90%,04/13/20
JPM,98.19,Call,101.00,04/17/20,4,2.36,2.93,3.50,2.59,2091,450,4.65,92.03%,04/13/20
MCD,180.12,Call,182.50,04/17/20,4,2.68,2.97,3.25,2.92,608,131,4.64,52.65%,04/13/20
TSLA,650.95,Call,730.00,04/17/20,4,6.85,7.05,7.25,7.20,1498,327,4.58,112.91%,04/13/20
AAPL,273.25,Call,267.50,04/17/20,4,8.10,8.38,8.65,8.45,23164,5069,4.57,44.59%,04/13/20
AVGO,259.92,Call,280.00,05/15/20,32,6.40,6.85,7.30,6.50,2551,566,4.51,44.76%,04/13/20
AAPL,273.25,Put,262.50,04/17/20,4,1.63,1.67,1.70,1.69,8719,1943,4.49,48.95%,04/13/20
ADBE,320.65,Put,280.00,05/15/20,32,3.45,4.35,5.25,4.80,662,148,4.47,52.33%,04/13/20
NFLX,396.72,Call,440.00,04/24/20,11,6.15,6.4,6.65,6.75,803,180,4.46,75.61%,04/13/20
AMZN,2168.87,Put,2050.00,04/17/20,4,4.35,4.45,4.55,4.50,6757,1516,4.46,42.38%,04/13/20
C,46.68,Call,46.00,04/24/20,11,3.05,3.22,3.40,3.40,667,150,4.45,94.78%,04/13/20
JPM,98.19,Put,89.00,04/17/20,4,0.71,0.85,0.99,0.85,1777,399,4.45,97.51%,04/13/20
PCAR,65.93,Put,62.50,04/17/20,4,0.25,0.38,0.50,0.55,1147,260,4.41,65.68%,04/13/20
AMZN,2168.87,Call,2040.00,04/17/20,4,127.50,131.38,135.25,129.93,3420,776,4.41,30.86%,04/13/20
PAA,6.33,Put,4.00,08/21/20,130,0.60,0.8,1.00,0.65,502,114,4.4,131.84%,04/13/20
TSLA,650.95,Put,560.00,04/17/20,4,2.05,2.13,2.20,2.15,7597,1726,4.4,100.30%,04/13/20
NFLX,396.72,Call,395.00,04/24/20,11,22.10,23.73,25.35,24.45,505,115,4.39,85.80%,04/13/20
BABA,199.44,Call,212.50,04/24/20,11,0.62,0.71,0.80,0.72,817,186,4.39,31.83%,04/13/20
AMZN,2168.87,Call,2110.00,04/17/20,4,69.40,71.98,74.55,72.00,2654,605,4.39,38.80%,04/13/20
AMZN,2168.87,Put,2035.00,04/17/20,4,2.83,3.19,3.55,2.95,675,154,4.38,41.79%,04/13/20
JNJ,139.77,Call,146.00,04/17/20,4,0.78,0.87,0.95,0.95,963,220,4.38,52.29%,04/13/20
AMZN,2168.87,Call,2280.00,04/17/20,4,6.55,7,7.45,7.13,1157,264,4.38,43.69%,04/13/20
CHTR,469.7,Call,475.00,05/15/20,32,22.70,25.2,27.70,24.20,501,115,4.36,47.55%,04/13/20
JPM,98.19,Put,99.00,04/17/20,4,3.85,4.13,4.40,3.95,1258,290,4.34,85.97%,04/13/20
TSLA,650.95,Call,610.00,04/17/20,4,48.05,51.35,54.65,51.00,5849,1354,4.32,96.44%,04/13/20
NFLX,396.72,Call,400.00,04/17/20,4,6.80,7,7.20,7.00,26506,6176,4.29,51.18%,04/13/20
PTON,31.99,Call,30.50,04/17/20,4,2.20,2.35,2.49,2.33,988,231,4.28,112.20%,04/13/20
RTX,61.83,Put,60.00,04/17/20,4,1.00,1.15,1.30,1.20,3840,899,4.27,78.08%,04/13/20
LULU,199.27,Call,210.00,04/17/20,4,1.45,1.48,1.50,1.55,5007,1177,4.25,61.52%,04/13/20
GOLD,24.37,Call,27.00,04/17/20,4,0.06,0.1,0.14,0.10,999,236,4.23,76.93%,04/13/20
PSTI,7.91,Call,6.00,04/17/20,4,2.05,2.22,2.40,2.15,2089,494,4.23,308.02%,04/13/20
ZM,135.92,Put,135.00,04/17/20,4,5.80,5.9,6.00,5.80,2627,623,4.22,110.71%,04/13/20
AMD,50.94,Call,54.00,04/17/20,4,0.30,0.32,0.33,0.33,3857,914,4.22,61.04%,04/13/20
CHWY,40.24,Put,37.50,04/17/20,4,0.55,0.58,0.60,0.55,1074,257,4.18,95.66%,04/13/20
NFLX,396.72,Put,385.00,04/17/20,4,4.00,4.25,4.50,4.20,2496,597,4.18,54.37%,04/13/20
UAL,28.91,Call,29.00,04/17/20,4,2.11,2.3,2.50,2.18,1306,313,4.17,184.09%,04/13/20
AMC,2.08,Put,1.50,04/17/20,4,0.10,0.13,0.15,0.15,2557,613,4.17,0.00%,04/13/20
SNAP,13.54,Put,13.50,04/17/20,4,0.40,0.41,0.42,0.40,8326,1999,4.17,74.53%,04/13/20
C,46.68,Put,47.00,04/17/20,4,2.27,2.34,2.40,2.33,1062,256,4.15,111.00%,04/13/20
JPM,98.19,Put,88.00,04/17/20,4,0.61,0.63,0.64,0.64,3134,756,4.15,95.49%,04/13/20
AMZN,2168.87,Call,2300.00,05/01/20,18,36.65,38.55,40.45,37.60,501,121,4.14,44.27%,04/13/20
CERN,65.72,Put,55.00,04/17/20,4,0.00,0.2,0.40,0.15,1671,408,4.1,105.61%,04/13/20
WFC,31.43,Put,32.00,04/17/20,4,1.71,1.81,1.90,1.76,2338,571,4.09,110.31%,04/13/20
AMRN,6.39,Call,7.50,04/24/20,11,0.30,0.35,0.40,0.37,754,185,4.08,168.42%,04/13/20
ROKU,96.56,Call,100.00,04/17/20,4,1.85,1.88,1.90,1.90,20961,5154,4.07,81.33%,04/13/20
CVNA,75.28,Put,80.00,04/17/20,4,5.90,7.3,8.70,8.10,722,178,4.06,167.56%,04/13/20
PTON,31.99,Call,29.50,04/17/20,4,2.87,3.09,3.30,3.04,721,178,4.05,114.45%,04/13/20
ZM,135.92,Call,170.00,04/24/20,11,0.75,0.95,1.15,1.01,1822,451,4.04,94.91%,04/13/20
LGND,90.01,Put,100.00,05/15/20,32,15.30,16.6,17.90,18.19,2000,495,4.04,113.41%,04/13/20
AVGO,259.92,Call,275.00,04/17/20,4,0.90,1.2,1.50,1.00,663,165,4.02,49.85%,04/13/20
AAPL,273.25,Put,272.50,04/17/20,4,4.50,4.65,4.80,4.60,2608,650,4.01,43.76%,04/13/20
DUK,87.36,Put,80.00,05/15/20,32,2.40,2.6,2.80,2.45,516,129,4,54.51%,04/13/20
NFLX,396.72,Call,387.50,04/17/20,4,13.45,14.18,14.90,13.85,1597,399,4,51.36%,04/13/20
MU,46.17,Put,46.00,04/24/20,11,1.85,1.89,1.93,1.93,501,126,3.98,63.44%,04/13/20
ABT,85.85,Call,86.00,04/17/20,4,1.58,1.79,1.99,1.83,601,151,3.98,52.89%,04/13/20
AMZN,2168.87,Call,2045.00,04/17/20,4,123.25,126.73,130.20,131.37,1118,281,3.98,50.03%,04/13/20
XOM,42.76,Call,44.00,04/24/20,11,1.12,1.25,1.37,1.34,1621,407,3.98,62.90%,04/13/20
CMCSA,37.19,Put,33.00,04/24/20,11,0.05,0.24,0.42,0.29,500,126,3.97,64.90%,04/13/20
VZ,56.67,Call,60.00,05/15/20,32,0.50,0.55,0.61,0.53,20831,5241,3.97,24.40%,04/13/20
AAPL,273.25,Call,280.00,04/17/20,4,1.85,1.9,1.95,1.92,59152,14884,3.97,38.97%,04/13/20
SIX,14.7,Call,15.00,05/15/20,32,2.15,2.25,2.35,2.16,622,157,3.96,131.93%,04/13/20
YPF,4,Call,5.00,05/15/20,32,0.20,0.23,0.25,0.20,1144,290,3.94,106.82%,04/13/20
BA,147.33,Put,149.00,04/17/20,4,6.80,7.35,7.90,7.70,1433,364,3.94,110.69%,04/13/20
AAPL,273.25,Call,267.50,04/24/20,11,10.75,11.03,11.30,11.17,2802,712,3.94,42.18%,04/13/20
AMZN,2168.87,Call,2200.00,04/17/20,4,22.50,23.25,24.00,22.82,16916,4301,3.93,39.63%,04/13/20
AMD,50.94,Put,50.00,04/17/20,4,0.95,0.98,1.00,0.96,23272,5916,3.93,65.61%,04/13/20
DIS,103.5,Call,125.00,06/19/20,67,1.51,1.62,1.73,1.43,9916,2539,3.91,40.57%,04/13/20
MRO,4.39,Put,4.50,04/17/20,4,0.26,0.31,0.35,0.31,1363,350,3.89,135.65%,04/13/20
TSLA,650.95,Call,750.00,04/24/20,11,16.50,16.75,17.00,16.80,1399,360,3.89,107.34%,04/13/20
TSLA,650.95,Put,625.00,04/17/20,4,14.60,14.85,15.10,14.90,3272,841,3.89,97.13%,04/13/20
ED,84.84,Put,75.00,05/15/20,32,1.10,1.63,2.15,1.70,505,130,3.88,55.61%,04/13/20
MGM,13.91,Call,32.00,09/18/20,158,0.10,0.21,0.32,0.15,603,156,3.87,71.19%,04/13/20
AMD,50.94,Put,48.00,04/24/20,11,1.12,1.15,1.18,1.13,4438,1146,3.87,67.65%,04/13/20
SYY,47.05,Put,40.00,05/15/20,32,2.40,2.45,2.50,2.46,6176,1603,3.85,103.10%,04/13/20
AMZN,2168.87,Call,2100.00,04/17/20,4,76.75,78.63,80.50,79.00,16596,4347,3.82,37.80%,04/13/20
AAPL,273.25,Put,270.00,04/24/20,11,6.35,6.53,6.70,6.40,2736,720,3.8,42.38%,04/13/20
ZM,135.92,Call,152.50,04/17/20,4,1.20,1.48,1.75,1.30,734,194,3.78,107.66%,04/13/20
JPM,98.19,Put,92.50,04/17/20,4,1.30,1.55,1.80,1.40,1394,370,3.77,89.12%,04/13/20
SBUX,71.76,Put,71.00,04/17/20,4,1.40,1.49,1.58,1.54,1616,429,3.77,63.77%,04/13/20
PEP,130.89,Call,140.00,05/15/20,32,1.56,1.78,2.00,1.92,5898,1570,3.76,32.65%,04/13/20
DAL,23.25,Call,23.00,04/24/20,11,1.50,1.82,2.13,2.10,814,217,3.75,123.11%,04/13/20
BAC,23.92,Call,25.50,04/24/20,11,0.64,0.66,0.68,0.67,1494,398,3.75,76.51%,04/13/20
TSLA,650.95,Call,895.00,04/17/20,4,0.46,0.66,0.85,0.86,531,142,3.74,147.85%,04/13/20
UAL,28.91,Put,26.00,04/17/20,4,0.94,1.03,1.12,1.07,2932,785,3.74,195.09%,04/13/20
AMD,50.94,Put,48.00,04/17/20,4,0.42,0.44,0.45,0.43,25486,6823,3.74,70.32%,04/13/20
AMZN,2168.87,Call,2150.00,04/24/20,11,73.00,75.5,78.00,77.00,963,259,3.72,44.59%,04/13/20
APA,8.38,Put,7.00,04/24/20,11,0.35,0.4,0.45,0.45,948,256,3.7,187.60%,04/13/20
AAPL,273.25,Call,275.00,04/24/20,11,6.55,6.68,6.80,6.70,3997,1084,3.69,39.46%,04/13/20
TSLA,650.95,Put,550.00,04/17/20,4,1.55,1.57,1.58,1.55,13714,3715,3.69,101.91%,04/13/20
TSLA,650.95,Call,725.00,04/17/20,4,7.00,7.6,8.20,8.00,1905,518,3.68,112.94%,04/13/20
AMD,50.94,Call,53.00,05/01/20,18,1.93,2.08,2.23,2.06,752,205,3.67,64.43%,04/13/20
TSLA,650.95,Call,630.00,04/17/20,4,35.00,37,39.00,38.00,8404,2288,3.67,97.79%,04/13/20
NFLX,396.72,Put,370.00,04/17/20,4,1.65,1.69,1.74,1.69,6529,1803,3.62,60.92%,04/13/20
MGM,13.91,Put,12.50,04/24/20,11,0.28,0.48,0.67,0.63,727,203,3.58,132.54%,04/13/20
WFC,31.43,Call,37.00,04/17/20,4,0.15,0.16,0.17,0.18,1779,497,3.58,117.38%,04/13/20
TSLA,650.95,Call,580.00,04/17/20,4,71.20,74.95,78.70,74.22,3506,984,3.56,90.90%,04/13/20
TSLA,650.95,Call,620.00,04/24/20,11,58.40,62.7,67.00,62.75,604,171,3.53,103.45%,04/13/20
NYMT,2.2,Put,2.50,07/17/20,95,0.80,0.83,0.85,0.80,3018,854,3.53,137.89%,04/13/20
FTCH,10.61,Call,12.00,05/15/20,32,0.50,0.58,0.65,0.58,1053,301,3.5,85.60%,04/13/20
UBER,27.99,Put,25.00,04/24/20,11,0.73,0.77,0.81,0.75,1750,500,3.5,102.82%,04/13/20
WFC,31.43,Put,31.50,04/17/20,4,1.51,1.57,1.62,1.50,1552,446,3.48,111.72%,04/13/20
AAL,11.56,Call,11.50,04/24/20,11,1.35,1.43,1.50,1.35,1576,453,3.48,165.57%,04/13/20
ZM,135.92,Call,135.00,04/17/20,4,6.50,6.85,7.20,6.80,5783,1663,3.48,111.76%,04/13/20
TSLA,650.95,Call,800.00,04/24/20,11,9.80,10.08,10.35,10.35,1031,297,3.47,111.77%,04/13/20
NVDA,269.85,Put,247.50,04/17/20,4,1.10,1.26,1.41,1.30,1065,307,3.47,73.57%,04/13/20
HPQ,15.54,Call,16.00,04/17/20,4,0.15,0.25,0.35,0.26,1294,373,3.47,68.72%,04/13/20
NFLX,396.72,Call,395.00,04/17/20,4,9.05,9.48,9.90,9.53,4944,1423,3.47,52.09%,04/13/20
ET,5.96,Put,5.00,05/08/20,25,0.19,0.25,0.30,0.30,1226,354,3.46,118.92%,04/13/20
AMZN,2168.87,Call,2080.00,04/17/20,4,93.15,95.6,98.05,97.00,2989,864,3.46,40.82%,04/13/20
SNAP,13.54,Put,13.00,04/24/20,11,0.80,0.82,0.83,0.81,935,273,3.42,115.62%,04/13/20
HD,198.79,Put,187.50,04/17/20,4,1.00,1.21,1.41,1.10,1064,311,3.42,59.13%,04/13/20
AMRN,6.39,Put,6.00,04/17/20,4,0.36,0.38,0.40,0.38,2725,799,3.41,214.52%,04/13/20
CAT,114.14,Call,117.00,04/17/20,4,1.45,1.51,1.56,1.61,514,151,3.4,58.13%,04/13/20
NFLX,396.72,Call,382.50,04/17/20,4,17.00,17.68,18.35,17.66,1043,307,3.4,53.64%,04/13/20
FSLR,40.61,Call,42.00,04/17/20,4,0.46,0.61,0.75,0.53,4106,1219,3.37,62.88%,04/13/20
PTON,31.99,Put,31.00,04/17/20,4,0.98,1.03,1.08,0.98,929,277,3.35,108.21%,04/13/20
AMZN,2168.87,Call,2030.00,04/17/20,4,137.20,140.7,144.20,140.90,2790,834,3.35,38.31%,04/13/20
FIVN,79.96,Call,90.00,05/15/20,32,1.65,1.83,2.00,1.93,503,151,3.33,55.30%,04/13/20
JNJ,139.77,Call,148.00,04/17/20,4,0.52,0.58,0.64,0.58,589,178,3.31,51.58%,04/13/20
AAPL,273.25,Call,287.50,04/24/20,11,1.76,1.85,1.93,1.88,990,299,3.31,34.55%,04/13/20
MSFT,165.51,Put,80.00,09/16/22,886,3.70,3.8,3.90,3.75,2157,652,3.31,40.26%,04/13/20
C,46.68,Call,49.00,04/17/20,4,1.17,1.27,1.36,1.20,12540,3788,3.31,108.32%,04/13/20
CODX,9.93,Call,9.00,05/15/20,32,2.75,2.88,3.00,3.00,591,179,3.3,228.32%,04/13/20
KNDI,3.78,Call,4.00,04/17/20,4,0.15,0.18,0.20,0.20,1118,339,3.3,183.09%,04/13/20
TSLA,650.95,Put,530.00,04/17/20,4,0.88,0.96,1.03,0.89,5916,1791,3.3,107.76%,04/13/20
JPM,98.19,Put,97.00,04/17/20,4,2.90,3.05,3.20,2.94,790,240,3.29,86.14%,04/13/20
MO,40.44,Put,30.00,05/15/20,32,0.28,0.37,0.45,0.37,931,283,3.29,78.25%,04/13/20
RCL,33.37,Call,200.00,01/15/21,277,0.08,0.1,0.12,0.10,2179,662,3.29,80.85%,04/13/20
INSG,10.38,Call,12.50,04/17/20,4,0.10,0.13,0.15,0.15,927,283,3.28,168.18%,04/13/20
PTON,31.99,Call,33.00,04/17/20,4,0.85,0.93,1.00,0.95,1658,505,3.28,102.88%,04/13/20
DAL,23.25,Put,22.00,04/24/20,11,1.37,1.42,1.46,1.46,1767,539,3.28,129.74%,04/13/20
NVDA,269.85,Call,267.50,04/17/20,4,7.85,8.18,8.50,8.16,1432,438,3.27,61.50%,04/13/20
CAR,14.79,Call,17.00,05/15/20,32,2.05,2.13,2.20,2.00,701,215,3.26,159.86%,04/13/20
FB,174.79,Call,182.50,04/17/20,4,0.51,0.57,0.63,0.63,4351,1336,3.26,40.87%,04/13/20
AAPL,273.25,Put,270.00,05/01/20,18,9.55,9.93,10.30,9.85,913,281,3.25,47.77%,04/13/20
AMC,2.08,Call,2.50,04/17/20,4,0.10,0.13,0.15,0.15,1564,481,3.25,333.63%,04/13/20
GOLD,24.37,Call,25.00,05/15/20,32,1.40,1.45,1.50,1.50,3733,1147,3.25,61.30%,04/13/20
KSS,18.79,Put,20.00,05/15/20,32,2.90,3.4,3.90,3.20,551,170,3.24,112.52%,04/13/20
JNJ,139.77,Put,138.00,04/17/20,4,2.38,3.47,4.55,2.55,983,304,3.23,58.12%,04/13/20
EPD,16.73,Call,19.00,06/19/20,67,0.60,0.7,0.80,0.77,754,234,3.22,54.24%,04/13/20
AMD,50.94,Call,52.00,04/24/20,11,1.68,1.7,1.72,1.71,2812,874,3.22,61.48%,04/13/20
AMZN,2168.87,Call,2035.00,04/17/20,4,130.75,135.7,140.65,138.51,1324,412,3.21,45.93%,04/13/20
BABA,199.44,Call,207.50,04/24/20,11,1.54,1.64,1.74,1.62,1473,460,3.2,32.19%,04/13/20
WFC,31.43,Call,33.50,04/17/20,4,0.73,0.77,0.81,0.79,6501,2032,3.2,119.39%,04/13/20
BA,147.33,Call,148.00,04/17/20,4,6.50,6.63,6.75,6.60,1009,316,3.19,112.27%,04/13/20
NFLX,396.72,Call,390.00,04/17/20,4,11.85,12.48,13.10,12.70,11660,3653,3.19,54.20%,04/13/20
PTON,31.99,Call,35.00,04/24/20,11,0.79,0.86,0.93,0.86,703,221,3.18,86.94%,04/13/20
ZM,135.92,Call,150.00,04/17/20,4,1.65,1.75,1.85,1.70,9653,3039,3.18,107.78%,04/13/20
GOOG,1217.56,Call,1680.00,06/19/20,67,0.05,0.33,0.60,0.59,1000,315,3.17,31.58%,04/13/20
TECK,8.3,Call,7.50,04/17/20,4,0.00,0.5,1.00,0.90,2546,806,3.16,112.04%,04/13/20
AAL,11.56,Call,12.50,05/01/20,18,1.18,1.26,1.34,1.29,560,178,3.15,161.98%,04/13/20
BYND,76.67,Call,84.00,04/24/20,11,1.79,1.86,1.92,1.77,1101,349,3.15,81.20%,04/13/20
GOLD,24.37,Put,23.00,05/15/20,32,1.00,1.1,1.20,1.17,1453,463,3.14,63.86%,04/13/20
DOCU,93.97,Call,95.00,04/17/20,4,2.60,2.68,2.75,2.78,7544,2401,3.14,82.72%,04/13/20
CSCO,41.22,Call,42.00,05/08/20,25,1.01,1.26,1.50,1.35,841,269,3.13,39.04%,04/13/20
TSLA,650.95,Put,540.00,04/17/20,4,1.10,1.15,1.20,1.17,5867,1874,3.13,104.72%,04/13/20
DAL,23.25,Call,25.00,04/17/20,4,0.67,0.68,0.68,0.68,13584,4335,3.13,137.26%,04/13/20
AMZN,2168.87,Put,2080.00,04/17/20,4,7.60,7.8,8.00,7.85,3244,1042,3.11,40.89%,04/13/20
OI,6.8,Call,9.00,05/15/20,32,0.25,0.28,0.30,0.29,2042,658,3.1,112.45%,04/13/20
CHWY,40.24,Put,40.00,04/17/20,4,1.30,1.38,1.45,1.45,1347,436,3.09,93.74%,04/13/20
FB,174.79,Put,172.50,04/17/20,4,2.24,2.32,2.40,2.35,3696,1198,3.09,46.65%,04/13/20
SABR,5.95,Call,7.50,05/15/20,32,0.35,0.45,0.55,0.40,778,253,3.08,125.28%,04/13/20
TSCO,89.67,Put,65.00,10/16/20,186,2.90,3.1,3.30,3.20,1314,428,3.07,54.19%,04/13/20
MRNA,32.9,Call,40.00,05/15/20,32,1.70,1.73,1.75,1.75,1913,624,3.07,103.15%,04/13/20
AMD,50.94,Call,55.00,04/24/20,11,0.65,0.68,0.71,0.70,3294,1077,3.06,58.38%,04/13/20
ZM,135.92,Call,145.00,04/17/20,4,2.55,2.72,2.90,2.80,4945,1614,3.06,107.90%,04/13/20
GILD,75.28,Call,81.00,04/17/20,4,0.35,0.44,0.52,0.42,1747,572,3.05,66.96%,04/13/20
TSLA,650.95,Put,500.00,04/24/20,11,5.50,5.6,5.70,5.63,2141,703,3.05,119.25%,04/13/20
BYND,76.67,Put,74.00,04/17/20,4,1.83,1.98,2.12,2.06,511,168,3.04,102.57%,04/13/20
RCL,33.37,Put,34.00,04/17/20,4,3.00,3.08,3.15,3.03,1746,575,3.04,192.71%,04/13/20
TSLA,650.95,Call,710.00,04/17/20,4,8.50,9.4,10.30,10.10,1790,589,3.04,109.49%,04/13/20
CCL,11.5,Put,11.00,04/24/20,11,1.05,1.08,1.10,1.10,1836,603,3.04,172.33%,04/13/20
WFC,31.43,Put,28.00,04/17/20,4,0.39,0.4,0.40,0.40,3276,1077,3.04,124.92%,04/13/20
MS,39.58,Put,32.00,05/15/20,32,0.81,0.89,0.96,0.94,1076,355,3.03,83.60%,04/13/20
HAL,7.85,Put,7.50,01/15/21,277,1.95,2.17,2.38,2.18,5027,1661,3.03,92.46%,04/13/20
AAPL,273.25,Call,285.00,04/17/20,4,0.79,0.81,0.83,0.83,27356,9030,3.03,37.96%,04/13/20
ZM,135.92,Call,132.00,04/17/20,4,8.10,8.6,9.10,8.82,574,191,3.01,119.24%,04/13/20
AMZN,2168.87,Call,2060.00,04/17/20,4,110.30,115.13,119.95,112.50,1786,593,3.01,36.58%,04/13/20
AAL,11.56,Call,15.00,04/24/20,11,0.05,0.21,0.37,0.34,4679,1555,3.01,159.76%,04/13/20
MSFT,165.51,Put,162.50,05/01/20,18,5.05,5.23,5.40,5.80,662,221,3,49.97%,04/13/20
AAPL,273.25,Call,262.50,04/24/20,11,14.30,14.65,15.00,14.55,913,304,3,42.99%,04/13/20
AAPL,273.25,Put,255.00,04/24/20,11,2.26,2.46,2.65,2.48,1950,650,3,47.96%,04/13/20
TSLA,650.95,Put,490.00,04/24/20,11,4.50,4.8,5.10,4.80,607,203,2.99,121.07%,04/13/20
C,46.68,Call,72.50,01/21/22,648,3.00,3.1,3.20,2.92,1168,391,2.99,36.14%,04/13/20
AMD,50.94,Put,50.00,05/08/20,25,3.00,3.13,3.25,3.20,778,261,2.98,69.83%,04/13/20
CVX,84.91,Put,82.00,04/17/20,4,1.29,1.39,1.49,1.40,584,197,2.96,74.76%,04/13/20
AAPL,273.25,Put,257.50,04/17/20,4,0.76,0.91,1.06,0.99,5220,1765,2.96,51.78%,04/13/20
AMD,50.94,Call,56.00,04/17/20,4,0.10,0.11,0.11,0.11,2239,759,2.95,61.74%,04/13/20
AMD,50.94,Call,50.00,04/24/20,11,2.68,2.74,2.80,2.74,7267,2464,2.95,63.75%,04/13/20
XOM,42.76,Call,45.50,04/17/20,4,0.11,0.28,0.45,0.33,885,301,2.94,67.79%,04/13/20
UAA,9.81,Put,10.00,05/15/20,32,1.21,1.25,1.29,1.25,700,239,2.93,99.47%,04/13/20
NVDA,269.85,Call,272.50,04/17/20,4,5.20,5.48,5.75,5.50,1228,420,2.92,59.39%,04/13/20
TSLA,650.95,Put,550.00,04/24/20,11,11.80,12.03,12.25,11.95,1017,350,2.91,110.66%,04/13/20
PBR,6.71,Put,6.50,04/17/20,4,0.16,0.2,0.23,0.25,1190,409,2.91,125.28%,04/13/20
WFC,31.43,Call,45.00,10/16/20,186,0.39,0.5,0.60,0.55,2206,759,2.91,39.84%,04/13/20
AVGO,259.92,Put,250.00,05/15/20,32,11.10,11.45,11.80,11.18,543,187,2.9,52.45%,04/13/20
AMT,249.76,Call,280.00,07/17/20,95,6.40,7.45,8.50,8.50,583,201,2.9,36.84%,04/13/20
FB,174.79,Put,150.00,05/01/20,18,1.34,1.47,1.59,1.50,982,339,2.9,62.26%,04/13/20
TSLA,650.95,Call,560.00,05/15/20,32,121.80,123.9,126.00,122.00,994,343,2.9,93.31%,04/13/20
RAD,14.16,Call,14.50,04/17/20,4,1.36,1.39,1.41,1.36,538,186,2.89,255.26%,04/13/20
AMD,50.94,Put,49.00,04/24/20,11,1.40,1.43,1.46,1.41,2457,850,2.89,65.25%,04/13/20
GOOGL,1210.41,Call,1250.00,04/17/20,4,4.50,5.6,6.70,6.10,1888,656,2.88,38.73%,04/13/20
BAC,23.92,Call,26.50,04/17/20,4,0.17,0.19,0.20,0.20,9269,3221,2.88,95.42%,04/13/20
DVN,9.71,Put,9.00,04/17/20,4,0.33,0.37,0.40,0.38,680,237,2.87,173.63%,04/13/20
TSLA,650.95,Call,775.00,04/17/20,4,3.10,3.43,3.75,3.50,771,269,2.87,121.23%,04/13/20
NCLH,11.36,Put,2.50,09/18/20,158,0.40,0.43,0.45,0.40,1270,442,2.87,204.71%,04/13/20
TSLA,650.95,Put,565.00,04/17/20,4,2.19,2.38,2.57,2.38,1911,666,2.87,98.08%,04/13/20
CCL,11.5,Call,11.50,04/24/20,11,1.25,1.3,1.35,1.30,615,215,2.86,163.50%,04/13/20
PSTI,7.91,Call,9.00,04/17/20,4,0.50,0.63,0.75,0.65,990,346,2.86,316.38%,04/13/20
AAPL,273.25,Call,270.00,04/17/20,4,6.50,6.75,7.00,6.80,42856,15002,2.86,43.93%,04/13/20
TSLA,650.95,Call,650.00,04/24/20,11,47.00,47.45,47.90,47.42,1116,392,2.85,104.06%,04/13/20
BAC,23.92,Put,24.50,04/17/20,4,1.29,1.34,1.38,1.30,4351,1528,2.85,97.49%,04/13/20
STX,50.91,Call,52.00,04/17/20,4,0.53,0.64,0.74,0.51,523,184,2.84,44.46%,04/13/20
NFLX,396.72,Put,347.50,04/17/20,4,0.50,0.64,0.78,0.58,630,222,2.84,75.87%,04/13/20
JPM,98.19,Put,81.00,04/17/20,4,0.13,0.17,0.20,0.15,1056,372,2.84,104.05%,04/13/20
BA,147.33,Put,147.00,04/17/20,4,5.75,6.35,6.95,6.60,1223,431,2.84,110.30%,04/13/20
AMZN,2168.87,Call,2170.00,04/24/20,11,63.05,65.03,67.00,66.55,565,200,2.83,44.39%,04/13/20
EPD,16.73,Put,14.00,05/15/20,32,0.50,0.55,0.60,0.60,6078,2145,2.83,89.55%,04/13/20
VZ,56.67,Call,62.50,05/15/20,32,0.10,0.15,0.20,0.12,624,221,2.82,22.10%,04/13/20
BAC,23.92,Call,27.50,04/24/20,11,0.09,0.17,0.25,0.22,786,279,2.82,72.60%,04/13/20
AAPL,273.25,Put,235.00,04/24/20,11,0.57,0.69,0.80,0.71,1682,596,2.82,57.40%,04/13/20
WORK,24.96,Put,23.50,04/17/20,4,0.25,0.3,0.35,0.36,610,217,2.81,90.07%,04/13/20
AAPL,273.25,Put,265.00,04/24/20,11,4.40,4.6,4.80,4.70,2580,918,2.81,44.08%,04/13/20
BAC,23.92,Call,21.00,04/24/20,11,3.30,3.38,3.45,3.40,2486,891,2.79,96.90%,04/13/20
WYNN,69.3,Put,64.00,04/17/20,4,1.28,1.57,1.85,1.55,523,188,2.78,129.47%,04/13/20
JNJ,139.77,Call,141.00,04/17/20,4,2.55,2.64,2.73,2.65,884,320,2.76,54.90%,04/13/20
TSLA,650.95,Put,505.00,04/17/20,4,0.50,0.54,0.59,0.58,1853,671,2.76,120.15%,04/13/20
GOLD,24.37,Put,22.00,01/15/21,277,2.68,2.82,2.95,2.82,5027,1819,2.76,50.17%,04/13/20
AMZN,2168.87,Call,2180.00,04/24/20,11,58.25,60.28,62.30,62.30,585,213,2.75,44.70%,04/13/20
TSLA,650.95,Put,660.00,04/17/20,4,30.60,31.7,32.80,31.90,532,194,2.74,99.38%,04/13/20
ZM,135.92,Call,133.00,04/17/20,4,7.60,8.15,8.70,7.80,611,223,2.74,110.83%,04/13/20
AAPL,273.25,Call,277.50,04/24/20,11,5.30,5.43,5.55,5.40,872,318,2.74,38.19%,04/13/20
SQ,59.42,Put,51.00,04/24/20,11,0.89,1.03,1.17,0.94,999,365,2.74,98.11%,04/13/20
SQ,59.42,Call,64.00,04/17/20,4,0.67,0.75,0.83,0.75,1026,375,2.74,91.86%,04/13/20
AMZN,2168.87,Call,2150.00,06/19/20,67,140.85,145.45,150.05,150.05,1029,375,2.74,37.35%,04/13/20
AAL,11.56,Call,12.00,04/17/20,4,0.67,0.68,0.68,0.69,10418,3810,2.73,181.62%,04/13/20
NVDA,269.85,Call,262.50,04/17/20,4,11.05,11.45,11.85,11.60,1667,612,2.72,65.86%,04/13/20
AMZN,2168.87,Put,2030.00,04/17/20,4,3.00,3.2,3.40,3.15,2161,795,2.72,43.70%,04/13/20
CTSO,8,Call,10.00,04/17/20,4,0.25,0.28,0.30,0.25,811,299,2.71,248.00%,04/13/20
COF,56.5,Put,55.00,01/15/21,277,9.70,10.2,10.70,10.55,510,189,2.7,60.67%,04/13/20
TSLA,650.95,Call,600.00,04/24/20,11,71.35,75.68,80.00,75.80,1391,516,2.7,105.75%,04/13/20
AMD,50.94,Call,49.00,04/24/20,11,3.30,3.35,3.40,3.40,1732,642,2.7,66.15%,04/13/20
GILD,75.28,Call,120.00,06/19/20,67,0.44,0.54,0.63,0.50,2682,993,2.7,64.44%,04/13/20
NIO,2.97,Put,3.00,05/01/20,18,0.31,0.33,0.34,0.33,657,244,2.69,119.82%,04/13/20
NCLH,11.36,Call,11.50,04/17/20,4,0.70,0.85,1.00,0.89,1147,426,2.69,200.98%,04/13/20
AMZN,2168.87,Call,2300.00,04/17/20,4,5.50,5.65,5.80,5.65,5952,2214,2.69,45.57%,04/13/20
INSG,10.38,Put,10.00,04/17/20,4,0.35,0.43,0.50,0.40,713,266,2.68,134.21%,04/13/20
ABT,85.85,Put,65.00,05/15/20,32,0.62,0.71,0.80,0.62,925,346,2.67,69.63%,04/13/20
TSLA,650.95,Call,540.00,04/17/20,4,108.30,112.05,115.80,111.40,1157,434,2.67,86.02%,04/13/20
AMZN,2168.87,Put,1955.00,04/17/20,4,0.70,0.99,1.28,1.11,516,194,2.66,51.28%,04/13/20
AMD,50.94,Call,54.00,05/01/20,18,0.30,1.07,1.83,1.70,579,218,2.66,63.98%,04/13/20
ZM,135.92,Call,157.50,04/17/20,4,0.75,0.85,0.95,0.85,524,198,2.65,111.76%,04/13/20
AAPL,273.25,Call,267.50,05/01/20,18,14.15,14.6,15.05,14.50,593,224,2.65,47.16%,04/13/20
GILD,75.28,Call,74.50,04/17/20,4,1.99,2.09,2.19,2.08,633,239,2.65,52.90%,04/13/20
TRGP,8.55,Call,10.00,04/17/20,4,0.25,0.25,0.25,0.25,1078,407,2.65,198.55%,04/13/20
AGIO,39.78,Put,35.00,05/15/20,32,1.15,1.53,1.90,1.35,1263,477,2.65,72.73%,04/13/20
TSLA,650.95,Put,575.00,04/17/20,4,3.25,3.38,3.50,3.40,4518,1704,2.65,97.67%,04/13/20
VZ,56.67,Put,54.00,05/08/20,25,0.89,1,1.10,0.90,554,210,2.64,34.11%,04/13/20
PCAR,65.93,Put,60.00,08/21/20,130,4.40,4.9,5.40,4.60,609,231,2.64,48.99%,04/13/20
AMZN,2168.87,Put,2010.00,04/17/20,4,2.10,2.28,2.45,2.30,1089,413,2.64,45.46%,04/13/20
TSLA,650.95,Call,850.00,04/17/20,4,1.13,1.15,1.17,1.17,1966,744,2.64,134.42%,04/13/20
LYFT,30.66,Put,29.00,04/17/20,4,0.80,0.83,0.85,0.84,3069,1164,2.64,122.97%,04/13/20
AMZN,2168.87,Put,2100.00,05/15/20,32,73.00,75.5,78.00,76.60,613,233,2.63,43.13%,04/13/20
AMZN,2168.87,Call,2030.00,06/19/20,67,213.60,218.08,222.55,218.30,727,277,2.62,37.49%,04/13/20
JNJ,139.77,Call,139.00,04/17/20,4,3.70,3.98,4.25,3.75,789,301,2.62,57.38%,04/13/20
SQ,59.42,Put,56.00,04/17/20,4,0.86,1.09,1.31,1.09,1721,656,2.62,100.87%,04/13/20
UAL,28.91,Call,30.00,04/17/20,4,1.75,1.8,1.85,1.79,7053,2688,2.62,186.65%,04/13/20
AAL,11.56,Call,13.00,04/17/20,4,0.37,0.38,0.39,0.38,24728,9453,2.62,181.23%,04/13/20
SQ,59.42,Put,58.00,04/17/20,4,1.47,1.64,1.80,1.70,858,329,2.61,95.71%,04/13/20
MTCH,68.48,Call,65.00,04/17/20,4,4.00,4.1,4.20,4.20,4322,1656,2.61,71.29%,04/13/20
WFC,31.43,Call,36.00,04/17/20,4,0.16,0.21,0.25,0.25,2571,989,2.6,113.19%,04/13/20
AMRN,6.39,Call,6.50,04/17/20,4,0.51,0.52,0.52,0.50,8461,3264,2.59,205.79%,04/13/20
FB,174.79,Call,180.00,04/17/20,4,1.04,1.08,1.11,1.05,11894,4607,2.58,39.74%,04/13/20
ADBE,320.65,Call,350.00,05/15/20,32,3.00,3.65,4.30,4.00,616,240,2.57,35.26%,04/13/20
CVX,84.91,Call,92.50,05/15/20,32,2.50,2.72,2.94,2.66,1082,421,2.57,53.81%,04/13/20
UAL,28.91,Call,35.00,01/15/21,277,6.70,6.85,7.00,6.79,1454,565,2.57,87.18%,04/13/20
BCRX,2.35,Call,4.00,05/15/20,32,0.16,0.19,0.21,0.20,515,202,2.55,209.05%,04/13/20
ABT,85.85,Call,84.50,04/17/20,4,1.50,2.25,3.00,2.53,668,262,2.55,49.64%,04/13/20
GME,4.74,Put,4.50,04/17/20,4,0.25,0.32,0.39,0.31,1231,483,2.55,217.90%,04/13/20
SQ,59.42,Call,59.00,04/17/20,4,2.34,2.54,2.74,2.56,810,320,2.53,94.65%,04/13/20
AMRN,6.39,Call,6.50,04/24/20,11,0.50,0.58,0.66,0.61,1465,580,2.53,148.82%,04/13/20
UAL,28.91,Call,30.00,04/24/20,11,2.65,2.76,2.88,2.73,580,230,2.52,159.40%,04/13/20
AMD,50.94,Put,54.00,04/24/20,11,3.85,3.97,4.10,4.15,616,245,2.51,63.97%,04/13/20
JNJ,139.77,Put,139.00,04/17/20,4,2.49,2.82,3.15,2.85,762,304,2.51,55.50%,04/13/20
NFLX,396.72,Call,450.00,04/24/20,11,4.60,4.8,5.00,4.75,1546,615,2.51,74.22%,04/13/20
NVDA,269.85,Call,280.00,04/17/20,4,2.65,2.73,2.81,2.80,9243,3691,2.5,58.12%,04/13/20
GME,4.74,Call,8.00,05/15/20,32,0.09,0.14,0.19,0.14,1150,461,2.49,144.66%,04/13/20
AAPL,273.25,Call,272.50,04/24/20,11,7.70,7.95,8.20,8.00,1280,514,2.49,40.02%,04/13/20
NEM,59.77,Call,70.00,01/15/21,277,5.60,5.85,6.10,5.69,1395,563,2.48,43.64%,04/13/20
AAL,11.56,Call,11.50,04/17/20,4,0.89,0.9,0.91,0.90,3398,1370,2.48,180.70%,04/13/20
SQ,59.42,Put,55.00,05/01/20,18,2.18,2.34,2.49,2.40,735,297,2.47,84.31%,04/13/20
TSLA,650.95,Put,520.00,04/17/20,4,0.70,0.73,0.75,0.71,2231,904,2.47,111.73%,04/13/20
WMT,125.3,Call,130.00,04/17/20,4,0.40,0.45,0.49,0.44,7470,3019,2.47,36.55%,04/13/20
MU,46.17,Call,47.50,04/24/20,11,1.28,1.32,1.36,1.32,921,376,2.45,58.73%,04/13/20
ABBV,80.3,Put,90.00,04/17/20,4,10.25,10.65,11.05,11.35,1516,618,2.45,144.06%,04/13/20
DAL,23.25,Put,21.00,04/17/20,4,0.46,0.51,0.55,0.51,4200,1713,2.45,146.10%,04/13/20
UAL,28.91,Call,34.00,04/17/20,4,0.67,0.69,0.71,0.68,1224,502,2.44,184.78%,04/13/20
C,46.68,Call,48.00,04/24/20,11,2.08,2.25,2.41,2.54,546,225,2.43,96.13%,04/13/20
TSLA,650.95,Call,770.00,04/17/20,4,3.70,3.83,3.95,3.85,563,232,2.43,120.86%,04/13/20
AAPL,273.25,Call,282.50,04/24/20,11,3.15,3.3,3.45,3.35,970,400,2.43,36.32%,04/13/20
AMZN,2168.87,Put,1990.00,04/17/20,4,1.60,1.84,2.08,1.70,950,392,2.42,47.30%,04/13/20
TSLA,650.95,Call,555.00,04/17/20,4,94.35,98,101.65,97.00,1228,508,2.42,88.56%,04/13/20
NFLX,396.72,Call,400.00,04/24/20,11,19.75,20.15,20.55,20.00,2716,1128,2.41,78.08%,04/13/20
JNJ,139.77,Put,131.00,04/17/20,4,0.70,0.9,1.10,0.68,567,236,2.4,60.51%,04/13/20
GOLD,24.37,Call,27.00,05/15/20,32,0.69,0.81,0.93,0.86,1891,787,2.4,62.15%,04/13/20
ZM,135.92,Put,130.00,04/17/20,4,3.90,3.95,4.00,3.90,2898,1210,2.4,116.05%,04/13/20
BA,147.33,Call,170.00,04/17/20,4,0.66,0.77,0.87,0.65,4836,2017,2.4,99.84%,04/13/20
WYNN,69.3,Put,63.00,04/17/20,4,1.03,1.45,1.86,1.35,891,373,2.39,133.24%,04/13/20
JPM,98.19,Put,84.00,04/17/20,4,0.25,0.27,0.28,0.28,922,385,2.39,99.75%,04/13/20
TSLA,650.95,Put,555.00,04/17/20,4,1.53,1.71,1.88,1.76,1767,739,2.39,100.25%,04/13/20
NFLX,396.72,Put,362.50,04/17/20,4,0.94,1.07,1.20,1.14,529,222,2.38,65.51%,04/13/20
NVDA,269.85,Put,240.00,04/24/20,11,2.62,3.21,3.80,2.86,720,302,2.38,71.14%,04/13/20
AAPL,273.25,Put,240.00,05/08/20,25,3.55,3.75,3.95,3.67,988,415,2.38,55.17%,04/13/20
ZM,135.92,Call,135.00,04/24/20,11,8.50,9.6,10.70,10.10,618,261,2.37,102.53%,04/13/20
WYNN,69.3,Put,62.50,04/17/20,4,0.91,1.33,1.74,1.26,881,372,2.37,135.15%,04/13/20
AMZN,2168.87,Call,2070.00,04/17/20,4,101.15,104.23,107.30,103.58,2764,1165,2.37,36.70%,04/13/20
AAPL,273.25,Call,270.00,04/24/20,11,9.35,9.52,9.70,9.55,6540,2756,2.37,41.23%,04/13/20
BAC,23.92,Put,21.00,05/15/20,32,0.77,0.79,0.82,0.79,12300,5183,2.37,72.38%,04/13/20
TSLA,650.95,Call,780.00,04/17/20,4,3.10,3.3,3.50,3.30,1043,442,2.36,122.69%,04/13/20
OLLI,54.24,Call,55.00,04/17/20,4,1.35,2.23,3.10,1.40,2042,865,2.36,76.75%,04/13/20
AAPL,273.25,Call,285.00,04/24/20,11,2.37,2.51,2.65,2.53,3299,1397,2.36,35.33%,04/13/20
BP,24.91,Call,30.00,06/19/20,67,0.41,0.43,0.45,0.43,4064,1720,2.36,43.29%,04/13/20
AAPL,273.25,Call,275.00,04/17/20,4,3.75,3.85,3.95,3.95,28977,12301,2.36,41.54%,04/13/20
JNJ,139.77,Call,147.00,04/17/20,4,0.63,0.74,0.85,0.70,528,225,2.35,50.71%,04/13/20
TSLA,650.95,Put,600.00,04/24/20,11,24.20,24.6,25.00,24.70,1094,466,2.35,106.01%,04/13/20
BA,147.33,Call,180.00,04/17/20,4,0.30,0.31,0.32,0.32,11983,5096,2.35,110.53%,04/13/20
AMRN,6.39,Call,8.50,04/17/20,4,0.12,0.2,0.28,0.15,769,329,2.34,259.12%,04/13/20
AMZN,2168.87,Call,2200.00,05/01/20,18,69.70,73,76.30,73.92,1175,502,2.34,45.48%,04/13/20
UAL,28.91,Put,28.00,04/17/20,4,1.67,1.76,1.85,1.81,1421,607,2.34,188.62%,04/13/20
AGNC,12.18,Put,5.00,01/15/21,277,0.21,0.4,0.60,0.33,600,258,2.33,87.65%,04/13/20
DIS,103.5,Call,101.00,04/17/20,4,3.90,4.1,4.30,4.14,1360,583,2.33,63.20%,04/13/20
MSFT,165.51,Call,167.50,04/17/20,4,1.67,1.71,1.75,1.72,10353,4448,2.33,37.17%,04/13/20
ROKU,96.56,Call,99.00,04/17/20,4,2.17,2.24,2.30,2.26,602,259,2.32,81.66%,04/13/20
UBER,27.99,Call,28.00,04/24/20,11,1.37,1.56,1.75,1.63,741,320,2.32,84.12%,04/13/20
AMZN,2168.87,Call,2090.00,04/17/20,4,84.55,87.57,90.60,89.40,1941,835,2.32,41.75%,04/13/20
BYND,76.67,Call,74.00,04/17/20,4,4.35,4.65,4.95,4.55,623,270,2.31,96.11%,04/13/20
TSLA,650.95,Call,755.00,04/17/20,4,3.85,4.43,5.00,4.78,671,290,2.31,117.44%,04/13/20
HAL,7.85,Put,8.00,04/17/20,4,0.40,0.43,0.46,0.42,4575,1984,2.31,102.92%,04/13/20
ENDP,3.79,Call,5.00,05/15/20,32,0.20,0.23,0.25,0.25,880,383,2.3,135.04%,04/13/20
SPCE,15.46,Call,18.00,04/17/20,4,0.24,0.25,0.25,0.25,2100,914,2.3,154.20%,04/13/20
JPM,98.19,Put,90.00,05/15/20,32,3.35,3.53,3.70,3.55,4173,1816,2.3,62.45%,04/13/20
AAL,11.56,Put,13.00,04/24/20,11,1.60,1.93,2.26,2.32,932,407,2.29,176.65%,04/13/20
AMD,50.94,Call,49.00,04/17/20,4,2.57,2.6,2.63,2.61,15037,6558,2.29,68.57%,04/13/20
AMZN,2168.87,Put,1950.00,04/24/20,11,9.00,9.75,10.50,9.75,555,243,2.28,50.52%,04/13/20
T,30.19,Call,31.00,07/17/20,95,1.62,1.67,1.72,1.70,2598,1139,2.28,32.70%,04/13/20
ZM,135.92,Call,148.00,04/17/20,4,1.95,2.18,2.40,2.15,1288,568,2.27,109.23%,04/13/20
WFC,31.43,Call,34.50,04/17/20,4,0.49,0.51,0.53,0.50,3226,1423,2.27,115.08%,04/13/20
WFC,31.43,Put,29.00,04/17/20,4,0.59,0.62,0.65,0.60,3511,1545,2.27,120.33%,04/13/20
AMRN,6.39,Put,5.50,04/17/20,4,0.19,0.22,0.24,0.21,2510,1113,2.26,219.66%,04/13/20
FB,174.79,Call,170.00,04/24/20,11,7.95,8.15,8.35,8.15,1146,510,2.25,45.03%,04/13/20
SM,2.23,Call,2.50,05/15/20,32,0.60,0.63,0.65,0.65,2045,908,2.25,286.69%,04/13/20
ROKU,96.56,Call,100.00,04/24/20,11,3.30,3.43,3.55,3.42,3619,1606,2.25,72.56%,04/13/20
AAL,11.56,Put,12.50,04/17/20,4,1.41,1.46,1.50,1.48,3264,1458,2.24,186.95%,04/13/20
TSLA,650.95,Call,600.00,04/17/20,4,54.35,57.18,60.00,57.72,22997,10301,2.23,92.21%,04/13/20
AMRN,6.39,Call,7.50,04/17/20,4,0.23,0.25,0.26,0.25,1942,873,2.22,229.25%,04/13/20
BA,147.33,Put,135.00,04/17/20,4,2.30,2.51,2.72,2.60,3304,1486,2.22,121.27%,04/13/20
BA,147.33,Put,140.00,04/17/20,4,3.80,3.93,4.05,3.88,5241,2361,2.22,115.87%,04/13/20
SPCE,15.46,Call,16.00,04/17/20,4,0.70,0.73,0.75,0.70,5311,2393,2.22,143.94%,04/13/20
WPM,33.92,Put,30.00,04/17/20,4,0.10,0.2,0.30,0.18,507,229,2.21,97.38%,04/13/20
JNJ,139.77,Call,144.00,04/17/20,4,1.33,1.46,1.58,1.45,555,251,2.21,52.53%,04/13/20
PGR,77.1,Put,65.00,05/15/20,32,1.30,1.38,1.45,1.40,775,350,2.21,65.35%,04/13/20
AAL,11.56,Call,12.50,04/24/20,11,0.91,0.94,0.96,0.96,2900,1321,2.2,165.99%,04/13/20
TWTR,27.21,Call,27.00,04/24/20,11,1.32,1.38,1.44,1.38,550,252,2.18,67.51%,04/13/20
VKTX,5.64,Call,6.00,05/15/20,32,0.50,0.63,0.75,0.58,1193,546,2.18,108.65%,04/13/20
BA,147.33,Call,152.50,04/17/20,4,4.50,4.68,4.85,4.50,1963,902,2.18,108.11%,04/13/20
AAPL,273.25,Call,260.00,04/24/20,11,16.25,16.53,16.80,15.80,1747,807,2.16,39.25%,04/13/20
AAL,11.56,Call,12.50,04/17/20,4,0.49,0.54,0.60,0.51,5195,2401,2.16,180.01%,04/13/20
NFLX,396.72,Call,377.50,04/17/20,4,20.60,22.28,23.95,21.84,820,382,2.15,56.59%,04/13/20
BABA,199.44,Call,200.00,04/24/20,11,4.40,4.55,4.70,4.50,1503,699,2.15,34.24%,04/13/20
ET,5.96,Call,6.50,05/22/20,39,0.32,0.44,0.55,0.40,521,243,2.14,77.86%,04/13/20
KO,46.93,Put,47.00,04/17/20,4,0.52,0.75,0.98,0.79,523,244,2.14,38.66%,04/13/20
AMC,2.08,Put,2.00,05/01/20,18,0.55,0.58,0.60,0.60,909,424,2.14,363.87%,04/13/20
SQ,59.42,Put,53.00,04/17/20,4,0.53,0.57,0.60,0.57,1107,517,2.14,111.83%,04/13/20
UAL,28.91,Put,21.00,04/17/20,4,0.20,0.25,0.30,0.25,1464,685,2.14,229.30%,04/13/20
TSLA,650.95,Call,900.00,04/17/20,4,0.60,0.63,0.65,0.64,2461,1152,2.14,143.64%,04/13/20
AMC,2.08,Call,4.00,06/19/20,67,0.25,0.3,0.35,0.26,2493,1167,2.14,187.43%,04/13/20
BA,147.33,Put,145.00,04/17/20,4,5.40,5.6,5.80,5.81,2978,1390,2.14,113.48%,04/13/20
NVDA,269.85,Call,270.00,04/17/20,4,6.50,6.73,6.95,6.80,7570,3533,2.14,60.82%,04/13/20
BAC,23.92,Put,24.00,05/01/20,18,1.48,1.53,1.57,1.53,756,357,2.12,70.67%,04/13/20
JPM,98.19,Put,82.00,04/17/20,4,0.16,0.18,0.20,0.17,1312,619,2.12,100.89%,04/13/20
AAL,11.56,Call,14.50,04/17/20,4,0.15,0.2,0.25,0.14,1725,815,2.12,181.53%,04/13/20
TLRY,6.57,Call,6.50,04/17/20,4,0.42,0.46,0.50,0.44,3755,1771,2.12,148.01%,04/13/20
TWTR,27.21,Put,25.00,04/24/20,11,0.26,0.37,0.48,0.48,853,404,2.11,71.98%,04/13/20
ERI,17.09,Call,20.00,05/15/20,32,2.65,2.72,2.80,2.75,1004,476,2.11,186.79%,04/13/20
BA,147.33,Put,155.00,04/17/20,4,9.90,10.68,11.45,11.27,2034,965,2.11,107.34%,04/13/20
SQ,59.42,Call,58.50,04/17/20,4,2.64,2.8,2.95,2.90,515,245,2.1,97.81%,04/13/20
PHM,24.8,Put,21.00,04/17/20,4,0.10,0.35,0.60,0.25,606,289,2.1,147.14%,04/13/20
MS,39.58,Call,47.00,04/17/20,4,0.08,0.24,0.39,0.11,1961,932,2.1,103.00%,04/13/20
BABA,199.44,Put,190.00,05/01/20,18,2.28,2.67,3.05,2.74,803,384,2.09,37.26%,04/13/20
NVDA,269.85,Call,285.00,04/24/20,11,4.30,5.15,6.00,4.80,945,452,2.09,55.60%,04/13/20
AMZN,2168.87,Put,1950.00,04/17/20,4,0.89,1.04,1.18,1.05,1927,924,2.09,51.88%,04/13/20
BP,24.91,Call,26.00,05/15/20,32,1.00,1.05,1.10,1.05,4271,2043,2.09,50.67%,04/13/20
AAPL,273.25,Put,265.00,04/17/20,4,2.11,2.16,2.20,2.17,25961,12397,2.09,47.33%,04/13/20
TSLA,650.95,Call,650.00,05/01/20,18,57.40,61.2,65.00,61.40,790,379,2.08,105.61%,04/13/20
NLY,6.08,Put,5.50,04/17/20,4,0.09,0.11,0.12,0.10,1154,554,2.08,127.11%,04/13/20
AMC,2.08,Put,1.00,09/18/20,158,0.45,0.48,0.50,0.50,4177,2015,2.07,279.68%,04/13/20
DAL,23.25,Call,23.00,04/17/20,4,1.30,1.39,1.48,1.46,4620,2236,2.07,137.78%,04/13/20
AMD,50.94,Call,50.00,04/17/20,4,1.89,1.91,1.93,1.89,41034,19804,2.07,64.74%,04/13/20
AMD,50.94,Put,48.00,05/01/20,18,1.51,1.77,2.03,1.85,746,363,2.06,71.15%,04/13/20
AAL,11.56,Call,18.00,06/19/20,67,0.63,0.73,0.82,0.68,1584,769,2.06,113.24%,04/13/20
SQ,59.42,Put,54.00,04/17/20,4,0.67,0.73,0.79,0.72,1199,584,2.05,108.79%,04/13/20
CCL,11.5,Put,30.00,01/21/22,648,20.30,20.55,20.80,20.70,1268,619,2.05,97.57%,04/13/20
AAPL,273.25,Call,265.00,04/24/20,11,12.45,12.77,13.10,12.83,1706,834,2.05,42.73%,04/13/20
FB,174.79,Call,172.50,04/17/20,4,4.45,4.63,4.80,4.70,4664,2280,2.05,47.14%,04/13/20
AMC,2.08,Call,3.00,06/19/20,67,0.45,0.55,0.65,0.48,633,311,2.04,207.25%,04/13/20
UAL,28.91,Put,10.00,01/21/22,648,2.07,2.36,2.64,2.38,713,350,2.04,101.59%,04/13/20
BA,147.33,Call,165.00,04/17/20,4,1.16,1.36,1.56,1.37,3430,1683,2.04,105.55%,04/13/20
XOM,42.76,Call,44.00,04/17/20,4,0.68,0.83,0.97,0.76,4533,2217,2.04,70.87%,04/13/20
GILD,75.28,Call,76.00,04/17/20,4,1.10,1.28,1.45,1.42,2618,1290,2.03,55.46%,04/13/20
AAPL,273.25,Put,255.00,04/17/20,4,0.73,0.77,0.81,0.78,15711,7742,2.03,53.73%,04/13/20
GILD,75.28,Put,72.00,04/17/20,4,0.52,0.87,1.22,0.59,652,322,2.02,57.56%,04/13/20
NVDA,269.85,Call,260.00,04/24/20,11,16.35,17.18,18.00,17.56,1002,496,2.02,65.05%,04/13/20
MA,263.34,Call,260.00,04/17/20,4,7.55,8.78,10.00,7.96,1072,532,2.02,56.04%,04/13/20
JPM,98.19,Put,87.00,04/17/20,4,0.41,0.47,0.53,0.48,1345,666,2.02,94.11%,04/13/20
SHOP,447.45,Call,450.00,04/17/20,4,13.20,14.75,16.30,13.20,1195,595,2.01,76.90%,04/13/20
TSLA,650.95,Put,515.00,04/17/20,4,0.60,0.68,0.76,0.68,1425,708,2.01,115.00%,04/13/20
GILD,75.28,Call,76.50,04/17/20,4,0.18,0.81,1.44,0.86,508,254,2,43.58%,04/13/20
JNJ,139.77,Call,175.00,07/17/20,95,0.30,0.41,0.51,0.48,560,280,2,26.86%,04/13/20
BA,147.33,Call,167.50,04/17/20,4,0.92,1.03,1.14,1.03,1083,541,2,104.78%,04/13/20
TXMD,0.91,Call,1.00,09/18/20,158,0.30,0.32,0.35,0.32,698,351,1.99,149.88%,04/13/20
INTC,58.7,Call,90.00,01/15/21,277,0.22,0.28,0.33,0.24,2040,1026,1.99,26.63%,04/13/20
RAD,14.16,Call,20.00,05/15/20,32,0.67,0.73,0.79,0.78,655,330,1.98,139.68%,04/13/20
AR,1.42,Call,1.50,05/15/20,32,0.15,0.25,0.35,0.23,742,374,1.98,156.50%,04/13/20
TSLA,650.95,Call,545.00,04/17/20,4,103.45,107.43,111.40,106.74,904,456,1.98,91.53%,04/13/20
HD,198.79,Put,185.00,04/17/20,4,0.65,0.82,0.98,0.88,1073,541,1.98,62.99%,04/13/20
BYND,76.67,Call,85.00,04/17/20,4,0.62,0.68,0.74,0.69,1608,811,1.98,98.28%,04/13/20
ADNT,11.26,Call,20.00,01/15/21,277,1.35,1.63,1.90,1.41,2501,1260,1.98,86.21%,04/13/20
DAL,23.25,Put,19.00,04/17/20,4,0.15,0.17,0.19,0.18,4350,2196,1.98,156.50%,04/13/20
WMB,17.1,Call,18.00,01/15/21,277,2.25,2.65,3.05,2.58,1090,554,1.97,48.53%,04/13/20
RF,10.67,Put,8.00,08/21/20,130,0.54,0.67,0.79,0.59,1179,600,1.97,72.82%,04/13/20
MGM,13.91,Call,13.50,04/17/20,4,0.86,1.01,1.15,1.05,701,358,1.96,144.77%,04/13/20
CCL,11.5,Call,13.00,04/24/20,11,0.65,0.68,0.70,0.70,958,490,1.96,155.62%,04/13/20
UAL,28.91,Put,29.00,04/17/20,4,2.00,2.18,2.36,2.30,1256,642,1.96,186.95%,04/13/20
AAPL,273.25,Call,335.00,07/17/20,95,1.15,1.26,1.36,1.30,2543,1300,1.96,26.74%,04/13/20
ATVI,62.75,Call,65.00,04/17/20,4,0.39,0.42,0.45,0.40,3431,1753,1.96,45.09%,04/13/20
AMD,50.94,Put,46.00,04/17/20,4,0.18,0.21,0.23,0.20,12753,6498,1.96,78.07%,04/13/20
MTN,154.9,Call,165.00,04/17/20,4,1.15,1.93,2.70,1.40,569,293,1.94,72.89%,04/13/20
TMUS,86.17,Put,83.00,04/17/20,4,0.54,0.71,0.87,0.82,1001,517,1.94,57.37%,04/13/20
AKAM,95.19,Call,110.00,05/15/20,32,0.08,0.34,0.60,0.60,528,274,1.93,38.87%,04/13/20
SQ,59.42,Put,57.00,04/17/20,4,1.30,1.35,1.40,1.34,1170,607,1.93,97.06%,04/13/20
CCL,11.5,Call,12.50,04/17/20,4,0.40,0.43,0.45,0.42,4844,2507,1.93,164.88%,04/13/20
AMD,50.94,Call,60.00,05/01/20,18,0.40,0.44,0.48,0.46,979,510,1.92,62.80%,04/13/20
AMD,50.94,Put,46.00,04/24/20,11,0.66,0.69,0.71,0.71,1306,680,1.92,72.35%,04/13/20
ABT,85.85,Call,88.00,04/17/20,4,0.93,1.22,1.50,1.13,518,271,1.91,55.69%,04/13/20
SU,16.36,Call,17.00,04/17/20,4,0.21,0.31,0.40,0.27,566,296,1.91,75.93%,04/13/20
AMC,2.08,Call,4.00,09/18/20,158,0.40,0.48,0.55,0.45,1080,565,1.91,157.77%,04/13/20
ZM,135.92,Call,140.00,04/17/20,4,4.50,4.6,4.70,4.50,10313,5406,1.91,109.82%,04/13/20
AAPL,273.25,Put,260.00,04/17/20,4,1.24,1.32,1.39,1.29,39014,20477,1.91,50.27%,04/13/20
MU,46.17,Put,44.00,04/24/20,11,1.12,1.17,1.21,1.15,695,365,1.9,66.10%,04/13/20
AAPL,273.25,Call,295.00,04/24/20,11,0.65,0.71,0.76,0.71,1339,706,1.9,33.19%,04/13/20
NS,9.5,Call,12.50,05/15/20,32,0.20,0.7,1.20,0.43,528,280,1.89,113.90%,04/13/20
PFE,35.14,Put,35.50,04/17/20,4,0.49,0.79,1.09,0.70,587,310,1.89,34.10%,04/13/20
RCL,33.37,Put,28.00,04/17/20,4,0.95,0.97,0.98,0.95,1086,575,1.89,225.23%,04/13/20
NVDA,269.85,Call,277.50,04/17/20,4,3.30,3.55,3.80,3.50,1229,651,1.89,57.94%,04/13/20
JPM,98.19,Put,95.00,09/18/20,158,9.70,10.23,10.75,10.40,1628,861,1.89,48.42%,04/13/20
ACB,0.7598,Call,0.50,04/17/20,4,0.26,0.27,0.27,0.27,1736,917,1.89,318.01%,04/13/20
TSLA,650.95,Put,510.00,04/17/20,4,0.62,0.63,0.64,0.59,1998,1058,1.89,116.43%,04/13/20
AMRN,6.39,Call,7.00,04/17/20,4,0.34,0.37,0.39,0.35,10250,5414,1.89,217.53%,04/13/20
TSLA,650.95,Put,500.00,04/17/20,4,0.48,0.5,0.51,0.50,17073,9010,1.89,121.45%,04/13/20
DOCU,93.97,Put,90.00,04/17/20,4,1.40,1.7,2.00,1.50,726,386,1.88,80.54%,04/13/20
AXP,90.33,Put,70.00,05/15/20,32,1.81,1.91,2.00,1.80,1161,618,1.88,88.50%,04/13/20
AMZN,2168.87,Call,2050.00,04/17/20,4,120.35,122.88,125.40,123.12,3719,1976,1.88,40.90%,04/13/20
WFC,31.43,Call,32.50,07/17/20,95,2.77,2.96,3.15,2.95,4274,2278,1.88,52.60%,04/13/20
AAPL,273.25,Put,262.50,04/24/20,11,3.75,3.93,4.10,4.05,601,321,1.87,45.22%,04/13/20
AMD,50.94,Call,50.00,05/08/20,25,3.90,4.08,4.25,4.11,971,519,1.87,68.34%,04/13/20
ABBV,80.3,Call,72.00,04/17/20,4,6.20,7.8,9.40,7.96,1011,542,1.87,0.00%,04/13/20
MSFT,165.51,Put,162.50,04/24/20,11,3.05,3.22,3.40,3.15,1105,590,1.87,39.84%,04/13/20
AAPL,273.25,Call,280.00,04/24/20,11,4.20,4.28,4.35,4.30,5854,3129,1.87,37.24%,04/13/20
SMSI,4.38,Call,5.00,05/15/20,32,0.20,0.25,0.30,0.30,524,281,1.86,100.51%,04/13/20
ZM,135.92,Call,150.00,04/24/20,11,3.60,4,4.40,4.08,619,333,1.86,96.02%,04/13/20
AMD,50.94,Put,45.00,05/01/20,18,0.70,1.01,1.32,1.09,1130,608,1.86,76.37%,04/13/20
NFLX,396.72,Call,415.00,04/17/20,4,2.60,2.68,2.76,2.75,5647,3038,1.86,53.72%,04/13/20
GOOG,1217.56,Put,1140.00,04/17/20,4,1.10,2.4,3.70,2.80,839,454,1.85,48.85%,04/13/20
AMZN,2168.87,Call,2025.00,04/17/20,4,142.65,145.58,148.50,146.23,995,537,1.85,40.90%,04/13/20
UAL,28.91,Put,27.00,04/17/20,4,1.40,1.45,1.50,1.43,1974,1069,1.85,193.93%,04/13/20
AAPL,273.25,Put,242.50,04/17/20,4,0.16,0.22,0.28,0.22,3362,1814,1.85,62.28%,04/13/20
DAL,23.25,Put,22.00,04/17/20,4,0.75,0.8,0.85,0.77,5488,2963,1.85,137.94%,04/13/20
WYNN,69.3,Put,65.00,05/15/20,32,6.45,6.85,7.25,6.75,534,290,1.84,111.12%,04/13/20
AAPL,273.25,Put,235.00,05/01/20,18,1.80,2.04,2.28,2.07,713,388,1.84,59.32%,04/13/20
WMT,125.3,Call,127.00,04/17/20,4,1.15,1.23,1.30,1.24,826,449,1.84,37.34%,04/13/20
ABBV,80.3,Call,70.00,04/17/20,4,8.05,9.33,10.60,10.07,1251,680,1.84,0.00%,04/13/20
GE,7.02,Put,6.50,04/24/20,11,0.19,0.2,0.20,0.21,1877,1018,1.84,90.02%,04/13/20
BA,147.33,Call,190.00,04/17/20,4,0.08,0.13,0.17,0.14,3023,1640,1.84,116.80%,04/13/20
NFLX,396.72,Call,380.00,04/17/20,4,19.00,19.7,20.40,21.45,4803,2615,1.84,68.48%,04/13/20
AMC,2.08,Put,2.50,04/17/20,4,0.55,0.58,0.60,0.60,5755,3125,1.84,370.39%,04/13/20
NFLX,396.72,Call,500.00,05/15/20,32,1.23,1.65,2.07,1.21,1420,776,1.83,46.59%,04/13/20
DIS,103.5,Call,102.00,04/17/20,4,3.35,3.48,3.60,3.50,1779,971,1.83,62.34%,04/13/20
BA,147.33,Put,150.00,04/17/20,4,8.05,8.13,8.20,8.20,4505,2463,1.83,109.51%,04/13/20
TSLA,650.95,Call,700.00,05/15/20,32,54.00,55.4,56.80,54.43,4741,2592,1.83,95.81%,04/13/20
RMBS,12.15,Call,13.00,05/15/20,32,0.46,0.57,0.68,0.49,500,274,1.82,56.82%,04/13/20
SMG,110.84,Call,125.00,05/15/20,32,0.85,2.43,4.00,1.75,510,280,1.82,46.68%,04/13/20
HD,198.79,Put,190.00,04/24/20,11,3.20,3.65,4.10,3.70,547,301,1.82,54.21%,04/13/20
GILD,75.28,Put,74.00,04/17/20,4,1.04,1.57,2.10,1.17,598,329,1.82,55.83%,04/13/20
AAL,11.56,Call,13.50,04/24/20,11,0.58,0.68,0.77,0.64,1008,553,1.82,162.18%,04/13/20
XOM,42.76,Put,42.00,04/17/20,4,0.65,0.89,1.13,1.00,1960,1079,1.82,76.23%,04/13/20
BA,147.33,Call,160.00,04/17/20,4,2.20,2.28,2.35,2.30,8276,4541,1.82,106.76%,04/13/20
NFLX,396.72,Call,425.00,04/17/20,4,1.45,1.58,1.70,1.50,2447,1350,1.81,56.81%,04/13/20
NVDA,269.85,Call,280.00,04/24/20,11,4.60,5.68,6.75,4.60,543,301,1.8,45.79%,04/13/20
GOOGL,1210.41,Put,1140.00,04/17/20,4,2.80,3.2,3.60,2.70,600,333,1.8,45.21%,04/13/20
AMD,50.94,Put,47.00,04/24/20,11,0.88,0.96,1.04,0.88,1118,622,1.8,69.31%,04/13/20
AMRN,6.39,Put,6.50,04/17/20,4,0.61,0.67,0.72,0.62,1141,633,1.8,209.91%,04/13/20
APA,8.38,Put,11.00,04/17/20,4,2.57,2.72,2.87,2.70,1150,640,1.8,194.17%,04/13/20
APA,8.38,Put,9.00,04/17/20,4,1.05,1.12,1.19,1.06,1195,665,1.8,195.55%,04/13/20
LAKE,15.98,Call,20.00,04/17/20,4,0.60,0.65,0.70,0.61,1783,993,1.8,269.83%,04/13/20
PSX,61.56,Call,87.50,01/15/21,277,1.95,2.43,2.90,2.50,500,279,1.79,41.99%,04/13/20
BB,3.86,Put,4.00,04/17/20,4,0.17,0.2,0.22,0.21,956,535,1.79,78.30%,04/13/20
ABT,85.85,Put,85.00,04/17/20,4,1.75,1.85,1.95,1.80,1871,1043,1.79,61.81%,04/13/20
BABA,199.44,Call,202.50,04/17/20,4,1.87,1.97,2.07,1.90,2259,1264,1.79,37.99%,04/13/20
KR,31.33,Call,31.50,04/17/20,4,0.11,0.43,0.75,0.58,516,290,1.78,50.26%,04/13/20
SQ,59.42,Call,63.00,04/17/20,4,0.91,1,1.08,0.99,537,301,1.78,92.29%,04/13/20
CAG,31.96,Call,34.00,05/15/20,32,0.55,0.68,0.80,0.70,600,338,1.78,38.33%,04/13/20
AMD,50.94,Call,56.00,04/24/20,11,0.43,0.48,0.52,0.50,618,348,1.78,57.81%,04/13/20
INTC,58.7,Call,58.00,04/17/20,4,1.63,1.69,1.74,1.70,1342,752,1.78,53.99%,04/13/20
DIS,103.5,Put,101.00,04/17/20,4,1.47,1.71,1.95,1.56,1718,963,1.78,61.57%,04/13/20
AMRN,6.39,Call,5.50,04/17/20,4,0.90,1,1.10,1.08,10274,5770,1.78,209.06%,04/13/20
GILD,75.28,Call,78.50,04/17/20,4,0.00,0.4,0.80,0.72,1072,604,1.77,59.53%,04/13/20
RF,10.67,Put,10.00,04/17/20,4,0.19,0.21,0.23,0.23,1289,729,1.77,114.80%,04/13/20
BYND,76.67,Call,80.00,04/17/20,4,1.58,1.69,1.80,1.73,2435,1377,1.77,95.17%,04/13/20
AAL,11.56,Call,14.00,04/17/20,4,0.17,0.19,0.20,0.18,12946,7323,1.77,175.73%,04/13/20
TSLA,650.95,Put,650.00,04/17/20,4,26.00,26.43,26.85,26.70,1758,1000,1.76,100.26%,04/13/20
AAPL,273.25,Put,247.50,04/17/20,4,0.30,0.38,0.45,0.36,2677,1518,1.76,58.70%,04/13/20
MS,39.58,Put,36.00,05/15/20,32,1.67,1.79,1.90,1.81,741,423,1.75,74.43%,04/13/20
SPCE,15.46,Call,15.00,04/24/20,11,1.58,1.65,1.72,1.60,985,564,1.75,128.68%,04/13/20
AAL,11.56,Call,17.00,08/21/20,130,1.22,1.27,1.31,1.30,1733,989,1.75,100.35%,04/13/20
AMC,2.08,Put,1.00,04/24/20,11,0.10,0.13,0.15,0.15,689,397,1.74,0.00%,04/13/20
OKE,29.22,Call,30.00,04/17/20,4,1.15,1.3,1.45,1.23,842,485,1.74,128.09%,04/13/20
NFLX,396.72,Call,420.00,04/24/20,11,11.50,12.75,14.00,12.60,1676,961,1.74,78.85%,04/13/20
XOM,42.76,Put,44.00,04/17/20,4,1.26,1.88,2.50,2.08,2079,1195,1.74,76.00%,04/13/20
VLO,49.7,Put,45.00,04/17/20,4,0.52,0.61,0.70,0.65,525,303,1.73,114.84%,04/13/20
AMAT,49.88,Call,51.00,04/17/20,4,0.91,0.99,1.07,0.98,544,315,1.73,69.79%,04/13/20
JNJ,139.77,Put,133.00,04/17/20,4,1.07,1.18,1.29,1.29,764,442,1.73,65.80%,04/13/20
Z,38.44,Put,35.00,08/21/20,130,5.90,5.95,6.00,6.00,1510,872,1.73,89.06%,04/13/20
AAPL,273.25,Call,290.00,04/24/20,11,1.25,1.34,1.43,1.38,2357,1359,1.73,33.99%,04/13/20
V,168.99,Call,167.50,04/17/20,4,4.35,4.6,4.85,4.90,889,517,1.72,58.33%,04/13/20
NFLX,396.72,Call,385.00,04/17/20,4,15.05,15.7,16.35,16.00,3003,1742,1.72,54.53%,04/13/20
ROKU,96.56,Call,95.00,04/17/20,4,4.05,4.15,4.25,4.10,3950,2302,1.72,81.34%,04/13/20
TSLA,650.95,Call,795.00,04/17/20,4,2.32,2.59,2.85,2.56,563,330,1.71,124.66%,04/13/20
TWTR,27.21,Put,27.50,04/17/20,4,0.88,0.94,0.99,0.95,862,503,1.71,69.96%,04/13/20
GOOGL,1210.41,Call,1200.00,04/17/20,4,24.30,26.55,28.80,28.90,971,567,1.71,46.14%,04/13/20
XOM,42.76,Call,44.50,04/17/20,4,0.33,0.67,1.00,0.56,993,580,1.71,68.00%,04/13/20
RLGY,3.79,Call,5.00,05/15/20,32,0.20,0.3,0.40,0.38,1237,725,1.71,166.49%,04/13/20
JPM,98.19,Call,105.00,04/17/20,4,1.26,1.38,1.50,1.38,8184,4776,1.71,91.13%,04/13/20
C,46.68,Put,46.00,04/17/20,4,1.72,1.84,1.95,1.90,629,370,1.7,115.14%,04/13/20
AAL,11.56,Put,11.50,04/17/20,4,0.77,0.83,0.88,0.86,10490,6175,1.7,185.24%,04/13/20
ROKU,96.56,Put,91.00,04/17/20,4,0.79,1.27,1.74,1.42,505,299,1.69,90.16%,04/13/20
CCL,11.5,Put,11.50,04/24/20,11,1.30,1.33,1.35,1.35,662,392,1.69,170.46%,04/13/20
AG,7.67,Call,8.00,05/15/20,32,0.70,0.75,0.80,0.75,825,487,1.69,97.78%,04/13/20
SQ,59.42,Call,57.50,05/15/20,32,6.40,6.65,6.90,6.45,1068,631,1.69,78.38%,04/13/20
WFC,31.43,Put,28.50,04/17/20,4,0.49,0.5,0.50,0.49,1411,833,1.69,122.45%,04/13/20
RCL,33.37,Put,29.00,04/17/20,4,1.10,1.2,1.30,1.18,884,525,1.68,219.59%,04/13/20
CAT,114.14,Put,105.00,04/17/20,4,0.55,0.7,0.85,0.75,1901,1129,1.68,79.43%,04/13/20
PBR,6.71,Put,4.00,01/15/21,277,0.16,0.36,0.55,0.45,5000,2984,1.68,80.07%,04/13/20
AMD,50.94,Put,47.00,04/17/20,4,0.29,0.31,0.32,0.29,12870,7658,1.68,73.86%,04/13/20
TTWO,120,Call,125.00,05/15/20,32,4.30,4.4,4.50,4.40,559,335,1.67,45.26%,04/13/20
RF,10.67,Put,10.00,08/21/20,130,1.15,1.28,1.41,1.23,629,377,1.67,64.10%,04/13/20
T,30.19,Put,30.00,04/24/20,11,0.89,0.93,0.96,0.99,792,473,1.67,52.24%,04/13/20
AAL,11.56,Put,11.50,04/24/20,11,1.00,1.25,1.50,1.30,1095,655,1.67,167.45%,04/13/20
WYNN,69.3,Put,65.00,04/17/20,4,1.60,1.8,2.00,1.58,1705,1020,1.67,117.67%,04/13/20
FB,174.79,Put,170.00,04/17/20,4,1.55,1.61,1.67,1.59,10053,6012,1.67,48.36%,04/13/20
NFLX,396.72,Call,390.00,04/24/20,11,24.80,25.45,26.10,25.49,516,310,1.66,80.39%,04/13/20
LUV,34.26,Call,38.00,04/17/20,4,0.25,0.28,0.30,0.28,612,369,1.66,95.40%,04/13/20
NFLX,396.72,Call,372.50,04/17/20,4,23.95,25.5,27.05,28.55,675,406,1.66,80.68%,04/13/20
AG,7.67,Call,5.00,07/17/20,95,2.80,2.9,3.00,2.85,689,414,1.66,76.54%,04/13/20
APA,8.38,Call,9.00,04/24/20,11,0.73,0.76,0.79,0.80,995,601,1.66,180.34%,04/13/20
NFLX,396.72,Put,365.00,04/17/20,4,1.25,1.33,1.40,1.35,1668,1004,1.66,64.68%,04/13/20
MGM,13.91,Put,13.50,04/17/20,4,0.49,0.54,0.60,0.59,1771,1070,1.66,136.19%,04/13/20
PTON,31.99,Call,31.00,04/17/20,4,1.90,2,2.10,2.00,2200,1324,1.66,110.21%,04/13/20
TSLA,650.95,Call,565.00,04/17/20,4,84.25,87.83,91.40,88.80,3063,1841,1.66,101.88%,04/13/20
NVDA,269.85,Call,275.00,04/17/20,4,4.15,4.38,4.60,4.54,5380,3240,1.66,59.70%,04/13/20
NFLX,396.72,Call,380.00,04/24/20,11,31.00,31.53,32.05,31.85,534,323,1.65,83.41%,04/13/20
MAR,78.09,Call,90.00,04/17/20,4,0.50,0.53,0.55,0.49,903,550,1.64,108.95%,04/13/20
WFC,31.43,Call,37.50,04/17/20,4,0.12,0.16,0.20,0.14,2845,1732,1.64,116.85%,04/13/20
WYNN,69.3,Call,77.50,04/17/20,4,0.84,1.13,1.42,1.02,650,399,1.63,123.74%,04/13/20
DIS,103.5,Call,104.00,04/17/20,4,2.17,2.34,2.50,2.33,1452,890,1.63,59.21%,04/13/20
BABA,199.44,Call,235.00,09/18/20,158,3.25,3.45,3.65,3.50,1541,946,1.63,25.89%,04/13/20
MSFT,165.51,Call,170.00,04/24/20,11,2.14,2.2,2.26,2.20,5368,3290,1.63,34.70%,04/13/20
ZM,135.92,Put,124.00,04/17/20,4,2.00,2.15,2.30,2.35,551,341,1.62,123.49%,04/13/20
CSCO,41.22,Call,40.00,04/24/20,11,1.92,1.98,2.04,1.90,683,422,1.62,41.97%,04/13/20
FB,174.79,Put,167.50,04/17/20,4,1.02,1.07,1.11,1.10,2087,1289,1.62,51.07%,04/13/20
BA,147.33,Call,155.00,04/17/20,4,3.50,3.6,3.70,3.60,2521,1558,1.62,106.93%,04/13/20
BA,147.33,Put,110.00,04/17/20,4,0.29,0.31,0.32,0.29,4013,2477,1.62,154.72%,04/13/20
AMC,2.08,Put,3.00,04/24/20,11,1.05,1.1,1.15,1.10,561,348,1.61,299.76%,04/13/20
SD,1.09,Call,2.50,10/16/20,186,0.05,0.08,0.10,0.10,678,420,1.61,112.62%,04/13/20
NFLX,396.72,Call,405.00,04/24/20,11,17.15,18.55,19.95,18.00,745,462,1.61,78.66%,04/13/20
ALXN,96.54,Call,120.00,05/15/20,32,0.10,0.2,0.30,0.20,1682,1045,1.61,41.20%,04/13/20
UAL,28.91,Put,25.00,04/17/20,4,0.71,0.81,0.91,0.82,4033,2505,1.61,201.27%,04/13/20
ROKU,96.56,Call,110.00,04/17/20,4,0.35,0.39,0.42,0.42,5737,3561,1.61,92.90%,04/13/20
WFC,31.43,Put,32.50,07/17/20,95,4.15,4.35,4.55,4.20,4155,2596,1.6,57.25%,04/13/20
CNK,10.8,Call,12.50,04/17/20,4,0.10,0.25,0.40,0.25,825,518,1.59,173.14%,04/13/20
MGM,13.91,Put,8.00,06/19/20,67,0.52,0.66,0.80,0.77,1143,721,1.59,155.64%,04/13/20
CAT,114.14,Put,110.00,04/17/20,4,1.63,1.82,2.00,1.75,1520,953,1.59,73.44%,04/13/20
NIO,2.97,Put,2.50,05/01/20,18,0.12,0.15,0.17,0.12,1776,1118,1.59,123.89%,04/13/20
BABA,199.44,Call,207.50,04/17/20,4,0.58,0.68,0.77,0.65,1799,1135,1.59,37.33%,04/13/20
ABT,85.85,Call,90.00,05/08/20,25,0.00,1.25,2.49,1.60,1984,1245,1.59,35.26%,04/13/20
BAC,23.92,Call,25.50,04/17/20,4,0.38,0.4,0.42,0.40,3537,2218,1.59,96.59%,04/13/20
WFC,31.43,Call,32.00,04/17/20,4,1.20,1.28,1.35,1.31,4091,2577,1.59,119.11%,04/13/20
TSLA,650.95,Call,850.00,04/24/20,11,6.80,6.88,6.95,6.80,746,471,1.58,117.52%,04/13/20
CAT,114.14,Call,115.00,04/17/20,4,2.31,2.52,2.73,2.45,959,608,1.58,59.61%,04/13/20
TSLA,650.95,Call,800.00,07/17/20,95,54.90,57.1,59.30,55.50,1075,681,1.58,78.13%,04/13/20
WFC,31.43,Put,27.50,04/24/20,11,0.47,0.53,0.60,0.60,1111,703,1.58,97.12%,04/13/20
HAL,7.85,Call,8.50,04/17/20,4,0.11,0.14,0.17,0.12,1978,1254,1.58,103.71%,04/13/20
TSLA,650.95,Put,545.00,04/17/20,4,1.28,1.33,1.37,1.32,2765,1746,1.58,102.89%,04/13/20
CCL,11.5,Put,11.00,04/17/20,4,0.60,0.65,0.70,0.65,5875,3718,1.58,187.25%,04/13/20
SQ,59.42,Put,57.50,04/17/20,4,1.47,1.54,1.61,1.51,1641,1045,1.57,96.29%,04/13/20
EPD,16.73,Call,18.00,06/19/20,67,0.90,1.05,1.20,1.15,806,518,1.56,57.25%,04/13/20
GILD,75.28,Call,75.50,04/17/20,4,1.50,1.71,1.92,1.49,811,521,1.56,50.58%,04/13/20
BA,147.33,Call,150.00,04/17/20,4,5.50,5.65,5.80,5.60,4411,2831,1.56,110.28%,04/13/20
TSLA,650.95,Call,760.00,04/17/20,4,3.55,4.15,4.75,4.70,569,367,1.55,120.46%,04/13/20
BBBY,5.27,Put,4.50,04/17/20,4,0.27,0.29,0.30,0.30,830,537,1.55,300.58%,04/13/20
NFLX,396.72,Put,380.00,05/15/20,32,18.55,19.13,19.70,18.65,859,553,1.55,57.56%,04/13/20
NFLX,396.72,Call,435.00,04/17/20,4,0.90,1.03,1.15,1.15,905,582,1.55,64.97%,04/13/20
INTC,58.7,Put,58.00,04/17/20,4,0.91,0.97,1.02,0.96,1030,666,1.55,52.68%,04/13/20
OXY,15.33,Call,16.00,04/24/20,11,1.01,1.08,1.15,1.07,1068,688,1.55,127.16%,04/13/20
AMC,2.08,Put,2.00,04/24/20,11,0.40,0.43,0.45,0.43,1258,810,1.55,337.04%,04/13/20
APA,8.38,Put,7.50,04/17/20,4,0.30,0.32,0.34,0.33,1359,874,1.55,206.27%,04/13/20
ALXN,96.54,Call,105.00,05/15/20,32,1.70,1.8,1.90,1.79,1924,1240,1.55,40.92%,04/13/20
APA,8.38,Call,9.00,04/17/20,4,0.45,0.46,0.48,0.44,2555,1645,1.55,195.15%,04/13/20
AMRN,6.39,Call,8.00,04/17/20,4,0.18,0.19,0.20,0.18,2932,1894,1.55,239.20%,04/13/20
AMZN,2168.87,Call,2400.00,04/17/20,4,2.56,2.57,2.58,2.58,3926,2530,1.55,57.25%,04/13/20
CCL,11.5,Call,12.00,04/17/20,4,0.60,0.63,0.65,0.65,5221,3376,1.55,178.95%,04/13/20
JPM,98.19,Put,90.00,04/17/20,4,0.81,0.88,0.94,0.88,6982,4508,1.55,91.28%,04/13/20
AAPL,273.25,Put,270.00,04/17/20,4,3.55,3.63,3.70,3.60,25038,16149,1.55,44.76%,04/13/20
AMC,2.08,Call,3.00,09/18/20,158,0.65,0.73,0.80,0.70,657,428,1.54,175.45%,04/13/20
AMD,50.94,Call,51.00,05/01/20,18,1.50,2.35,3.20,2.95,1219,793,1.54,65.69%,04/13/20
JPM,98.19,Call,104.00,04/17/20,4,1.47,1.59,1.70,1.59,1567,1016,1.54,90.21%,04/13/20
NFLX,396.72,Put,360.00,04/17/20,4,0.95,0.97,0.99,1.02,3513,2283,1.54,67.34%,04/13/20
AMD,50.94,Put,45.00,04/24/20,11,0.56,0.57,0.58,0.56,5273,3434,1.54,74.81%,04/13/20
MS,39.58,Call,50.00,06/19/20,67,0.50,0.53,0.55,0.53,10839,7037,1.54,46.33%,04/13/20
OLLI,54.24,Call,52.50,04/17/20,4,2.60,3.9,5.20,1.75,1015,665,1.53,13.06%,04/13/20
ABBV,80.3,Call,71.00,04/17/20,4,6.90,8.9,10.90,8.85,1703,1114,1.53,0.00%,04/13/20
BA,147.33,Put,150.00,04/24/20,11,11.80,12.43,13.05,12.78,696,458,1.52,111.20%,04/13/20
ZM,135.92,Put,110.00,04/24/20,11,2.00,2.03,2.05,2.03,723,475,1.52,119.72%,04/13/20
CODX,9.93,Call,10.00,05/15/20,32,2.30,2.38,2.45,2.30,916,602,1.52,200.88%,04/13/20
VRTX,252.28,Call,260.00,04/17/20,4,1.80,1.98,2.15,2.21,500,331,1.51,48.32%,04/13/20
TMUS,86.17,Put,65.00,08/21/20,130,1.75,2.32,2.89,2.44,500,331,1.51,54.00%,04/13/20
TSLA,650.95,Call,640.00,06/19/20,67,96.05,99.23,102.40,98.33,517,343,1.51,83.86%,04/13/20
TSLA,650.95,Call,810.00,04/17/20,4,2.01,2.12,2.22,2.10,536,355,1.51,127.98%,04/13/20
AAPL,273.25,Call,315.00,05/01/20,18,0.30,0.33,0.37,0.34,623,413,1.51,35.61%,04/13/20
MSFT,165.51,Put,152.50,04/24/20,11,0.94,1.12,1.30,1.05,690,458,1.51,46.82%,04/13/20
UAL,28.91,Call,80.00,09/18/20,158,0.25,0.28,0.30,0.30,784,518,1.51,82.18%,04/13/20
BA,147.33,Call,162.50,04/17/20,4,1.31,1.6,1.89,1.76,939,621,1.51,105.52%,04/13/20
DAL,23.25,Call,24.00,04/17/20,4,0.70,1.08,1.46,0.96,3906,2584,1.51,131.80%,04/13/20
GILD,75.28,Call,85.00,04/17/20,4,0.21,0.22,0.23,0.23,23570,15594,1.51,80.80%,04/13/20
BA,147.33,Call,157.50,04/17/20,4,2.73,3.12,3.50,2.94,963,643,1.5,107.73%,04/13/20
V,168.99,Call,172.50,04/17/20,4,1.98,2.22,2.45,2.15,984,657,1.5,50.90%,04/13/20
AMX,11.3,Put,11.00,05/15/20,32,0.35,0.4,0.45,0.45,1067,710,1.5,45.13%,04/13/20
AAPL,273.25,Put,220.00,04/24/20,11,0.20,0.33,0.45,0.29,1071,713,1.5,65.14%,04/13/20
AMD,50.94,Call,52.00,05/01/20,18,2.45,2.53,2.60,2.53,1105,738,1.5,66.19%,04/13/20
AMZN,2168.87,Call,2500.00,04/17/20,4,1.50,1.59,1.67,1.67,3374,2245,1.5,69.72%,04/13/20
AAL,11.56,Put,11.00,04/17/20,4,0.61,0.62,0.63,0.62,7558,5048,1.5,185.49%,04/13/20
JPM,98.19,Put,91.00,04/17/20,4,0.81,1.07,1.32,1.10,512,343,1.49,91.63%,04/13/20
TSLA,650.95,Call,550.00,04/24/20,11,108.15,111.58,115.00,111.39,520,348,1.49,104.30%,04/13/20
NVDA,269.85,Call,300.00,05/01/20,18,2.71,2.93,3.15,3.05,773,518,1.49,50.92%,04/13/20
FB,174.79,Put,180.00,03/19/21,340,23.40,25.3,27.20,25.70,873,591,1.48,35.88%,04/13/20
ROKU,96.56,Call,96.00,04/17/20,4,3.45,3.55,3.65,3.50,1417,955,1.48,79.72%,04/13/20
BA,147.33,Put,146.00,04/17/20,4,5.30,5.9,6.50,6.20,532,363,1.47,111.99%,04/13/20
AAPL,273.25,Call,295.00,05/01/20,18,2.27,2.46,2.65,2.44,720,490,1.47,38.20%,04/13/20
AAL,11.56,Call,14.00,04/24/20,11,0.50,0.62,0.73,0.52,820,557,1.47,161.11%,04/13/20
TSLA,650.95,Put,525.00,04/17/20,4,0.50,0.72,0.94,0.60,2286,1550,1.47,104.72%,04/13/20
BAC,23.92,Put,23.50,04/17/20,4,0.79,0.81,0.83,0.79,2592,1763,1.47,99.77%,04/13/20
RCL,33.37,Put,15.00,05/15/20,32,0.90,0.93,0.96,0.92,3031,2068,1.47,234.49%,04/13/20
CMCSA,37.19,Put,37.00,04/17/20,4,0.59,0.65,0.70,0.74,7564,5142,1.47,53.86%,04/13/20
RCL,33.37,Call,43.00,04/17/20,4,0.25,0.3,0.35,0.33,733,502,1.46,185.45%,04/13/20
WYNN,69.3,Call,80.00,04/17/20,4,0.53,0.69,0.85,0.70,2530,1730,1.46,126.59%,04/13/20
MGM,13.91,Put,14.00,04/17/20,4,0.75,0.79,0.83,0.81,2752,1883,1.46,131.42%,04/13/20
AMC,2.08,Put,2.00,04/17/20,4,0.25,0.28,0.30,0.29,6252,4290,1.46,388.42%,04/13/20
MAC,8.77,Call,10.00,05/15/20,32,0.55,0.65,0.75,0.67,724,498,1.45,107.14%,04/13/20
WMT,125.3,Call,128.00,04/17/20,4,0.71,0.82,0.93,0.88,727,503,1.45,36.52%,04/13/20
IMMU,20.88,Call,25.00,01/15/21,277,3.60,4.05,4.50,4.00,2008,1389,1.45,73.61%,04/13/20
SHOP,447.45,Call,500.00,04/17/20,4,2.15,2.2,2.25,2.25,2465,1703,1.45,86.15%,04/13/20
NIO,2.97,Call,3.00,04/24/20,11,0.19,0.2,0.20,0.18,3142,2174,1.45,93.98%,04/13/20
TAL,51.8,Put,20.00,05/15/20,32,0.05,0.15,0.25,0.20,503,349,1.44,173.49%,04/13/20
AMZN,2168.87,Put,1980.00,04/17/20,4,1.40,1.58,1.76,1.48,708,493,1.44,48.32%,04/13/20
GME,4.74,Put,0.50,01/15/21,277,0.06,0.08,0.10,0.10,788,546,1.44,203.57%,04/13/20
COF,56.5,Put,42.50,05/15/20,32,1.51,1.91,2.31,1.84,749,523,1.43,114.71%,04/13/20
ABBV,80.3,Call,72.50,04/17/20,4,5.50,7.35,9.20,7.22,768,536,1.43,0.00%,04/13/20
RCL,33.37,Call,37.00,04/17/20,4,1.23,1.38,1.52,1.36,839,587,1.43,191.59%,04/13/20
WFC,31.43,Call,35.00,04/17/20,4,0.39,0.42,0.44,0.40,7829,5461,1.43,114.34%,04/13/20
AMZN,2168.87,Put,2000.00,05/15/20,32,41.45,44.6,47.75,43.76,782,551,1.42,44.18%,04/13/20
ZM,135.92,Put,110.00,04/17/20,4,0.55,0.58,0.60,0.55,6184,4370,1.42,137.51%,04/13/20
APHA,3.47,Call,3.50,04/17/20,4,0.30,0.32,0.35,0.35,1482,1053,1.41,251.21%,04/13/20
AAPL,273.25,Call,270.00,05/01/20,18,12.65,13.05,13.45,13.05,2474,1753,1.41,46.78%,04/13/20
BAC,23.92,Call,29.00,05/15/20,32,0.22,0.24,0.25,0.23,6858,4858,1.41,53.53%,04/13/20
TWTR,27.21,Put,19.00,05/15/20,32,0.18,0.21,0.23,0.21,552,393,1.4,86.61%,04/13/20
MGM,13.91,Call,14.00,04/24/20,11,1.02,1.15,1.28,1.20,622,445,1.4,128.76%,04/13/20
TSLA,650.95,Put,450.00,04/24/20,11,2.25,2.58,2.90,2.89,994,712,1.4,133.06%,04/13/20
WYNN,69.3,Put,50.00,05/15/20,32,2.28,2.57,2.86,2.77,1460,1041,1.4,136.48%,04/13/20
DAL,23.25,Call,26.00,04/17/20,4,0.43,0.45,0.47,0.44,4195,2993,1.4,137.06%,04/13/20
AAPL,273.25,Call,262.50,04/17/20,4,11.95,12.25,12.55,11.95,4420,3166,1.4,42.17%,04/13/20
ZM,135.92,Call,130.00,04/17/20,4,9.30,9.65,10.00,9.79,4438,3176,1.4,115.09%,04/13/20
MSFT,165.51,Put,162.50,04/17/20,4,1.55,1.68,1.80,1.55,7195,5124,1.4,41.04%,04/13/20
DHI,38.63,Call,45.00,01/15/21,277,4.50,4.78,5.05,4.70,507,366,1.39,50.82%,04/13/20
STOR,17.74,Put,15.00,05/15/20,32,0.70,0.77,0.85,0.85,622,448,1.39,100.08%,04/13/20
NVDA,269.85,Put,257.50,04/17/20,4,2.49,2.9,3.30,2.87,642,463,1.39,68.06%,04/13/20
NCLH,11.36,Put,9.00,04/17/20,4,0.25,0.28,0.30,0.25,1505,1080,1.39,243.16%,04/13/20
BA,147.33,Call,185.00,04/17/20,4,0.21,0.22,0.23,0.21,4428,3194,1.39,113.66%,04/13/20
PCG,11.6,Call,12.00,04/17/20,4,0.29,0.35,0.40,0.35,1345,977,1.38,106.66%,04/13/20
AMC,2.08,Call,2.00,06/19/20,67,0.75,0.85,0.95,0.85,1397,1015,1.38,242.12%,04/13/20
BA,147.33,Put,115.00,04/17/20,4,0.45,0.46,0.48,0.47,1629,1177,1.38,148.16%,04/13/20
CDE,4.21,Call,8.00,09/18/20,158,0.20,0.25,0.30,0.25,514,374,1.37,91.16%,04/13/20
VZ,56.67,Put,57.00,04/17/20,4,0.81,0.85,0.89,0.80,891,651,1.37,26.39%,04/13/20
CVX,84.91,Call,75.00,01/15/21,277,15.35,17.03,18.70,17.35,893,654,1.37,40.77%,04/13/20
AMC,2.08,Put,1.50,04/24/20,11,0.20,0.23,0.25,0.25,2437,1777,1.37,403.83%,04/13/20
PTON,31.99,Call,32.00,04/17/20,4,1.36,1.42,1.48,1.40,4155,3026,1.37,105.03%,04/13/20
GOLD,24.37,Call,24.00,04/17/20,4,0.92,0.94,0.95,0.95,1257,926,1.36,74.12%,04/13/20
AGNC,12.18,Put,3.00,01/15/21,277,0.05,0.16,0.27,0.19,1406,1034,1.36,113.80%,04/13/20
NFLX,396.72,Put,355.00,04/17/20,4,0.62,0.76,0.90,0.75,1472,1086,1.36,69.54%,04/13/20
AAL,11.56,Put,10.00,04/24/20,11,0.56,0.64,0.71,0.71,1898,1391,1.36,181.99%,04/13/20
AAPL,273.25,Put,240.00,04/24/20,11,0.90,1,1.09,0.94,2090,1534,1.36,54.56%,04/13/20
AMRN,6.39,Call,10.00,05/15/20,32,0.20,0.22,0.24,0.20,2178,1603,1.36,133.18%,04/13/20
BAC,23.92,Put,21.00,04/24/20,11,0.39,0.42,0.44,0.42,2215,1625,1.36,92.35%,04/13/20
WORK,24.96,Call,25.50,04/17/20,4,0.50,0.55,0.60,0.55,705,522,1.35,74.93%,04/13/20
AAL,11.56,Call,12.00,05/01/20,18,0.27,1.05,1.82,1.55,796,588,1.35,169.47%,04/13/20
NFLX,396.72,Call,430.00,04/17/20,4,1.08,1.2,1.32,1.18,1519,1129,1.35,59.32%,04/13/20
DIS,103.5,Call,106.00,04/17/20,4,1.27,1.36,1.44,1.41,1642,1220,1.35,56.12%,04/13/20
TWTR,27.21,Call,27.50,04/17/20,4,0.63,0.67,0.70,0.69,2810,2078,1.35,72.24%,04/13/20
AMRN,6.39,Call,6.00,04/17/20,4,0.73,0.76,0.78,0.77,9570,7097,1.35,214.15%,04/13/20
AMT,249.76,Call,270.00,07/17/20,95,9.90,11.6,13.30,11.87,588,438,1.34,38.05%,04/13/20
DAL,23.25,Call,26.00,05/01/20,18,1.00,1.23,1.46,1.23,663,495,1.34,108.01%,04/13/20
NCLH,11.36,Call,12.00,04/17/20,4,0.60,0.65,0.70,0.60,909,677,1.34,181.27%,04/13/20
BABA,199.44,Call,210.00,04/24/20,11,0.80,1,1.20,1.10,1091,812,1.34,32.03%,04/13/20
ITUB,4.62,Put,4.00,05/15/20,32,0.10,0.18,0.25,0.20,1545,1153,1.34,87.71%,04/13/20
OXY,15.33,Call,19.00,04/17/20,4,0.09,0.11,0.12,0.12,2174,1621,1.34,154.98%,04/13/20
AAPL,273.25,Put,252.50,04/17/20,4,0.60,0.65,0.70,0.60,3827,2861,1.34,55.32%,04/13/20
BABA,199.44,Call,205.00,04/17/20,4,1.13,1.17,1.21,1.17,11943,8922,1.34,37.94%,04/13/20
INTC,58.7,Call,61.00,04/17/20,4,0.35,0.4,0.45,0.34,813,610,1.33,45.48%,04/13/20
WMT,125.3,Call,126.00,04/17/20,4,1.50,1.57,1.64,1.61,877,658,1.33,36.81%,04/13/20
AAL,11.56,Put,12.50,04/24/20,11,1.80,1.87,1.94,1.92,892,673,1.33,169.17%,04/13/20
GOLD,24.37,Call,28.00,06/19/20,67,1.06,1.1,1.14,1.11,1162,872,1.33,56.07%,04/13/20
DIS,103.5,Put,86.00,05/01/20,18,0.93,1.16,1.39,1.00,1408,1055,1.33,74.07%,04/13/20
AAPL,273.25,Put,245.00,04/24/20,11,1.13,1.28,1.42,1.32,1492,1118,1.33,52.54%,04/13/20
AMD,50.94,Call,53.00,04/24/20,11,1.20,1.26,1.32,1.30,1639,1234,1.33,60.29%,04/13/20
ALNY,119.01,Call,135.00,05/15/20,32,1.55,2.48,3.40,1.65,2032,1523,1.33,45.71%,04/13/20
CHWY,40.24,Call,55.00,05/15/20,32,0.15,0.2,0.25,0.15,2128,1597,1.33,61.30%,04/13/20
TSLA,650.95,Call,570.00,04/17/20,4,79.65,83.78,87.90,84.00,2540,1908,1.33,98.87%,04/13/20
JPM,98.19,Call,100.00,04/17/20,4,2.84,3,3.15,3.00,6304,4746,1.33,92.61%,04/13/20
OXY,15.33,Put,12.00,04/24/20,11,0.34,0.37,0.40,0.39,604,459,1.32,160.35%,04/13/20
FAST,32.27,Put,30.00,05/15/20,32,1.25,1.38,1.50,1.35,793,601,1.32,63.33%,04/13/20
MU,46.17,Call,45.50,04/17/20,4,1.64,1.71,1.78,1.67,1020,772,1.32,68.13%,04/13/20
AAL,11.56,Put,7.00,04/24/20,11,0.05,0.11,0.16,0.16,1130,854,1.32,223.94%,04/13/20
SQ,59.42,Call,60.00,05/15/20,32,5.05,5.18,5.30,5.21,1560,1185,1.32,77.63%,04/13/20
AMZN,2168.87,Call,2050.00,06/19/20,67,200.30,206.03,211.75,209.00,2029,1535,1.32,38.43%,04/13/20
MFA,1.86,Put,2.00,04/17/20,4,0.30,0.32,0.35,0.30,3222,2432,1.32,278.07%,04/13/20
"Downloaded from Barchart.com as of 04-14-2020 07:25am CDT"
